DateTime,name,value
2023-01-01T00:00:00.0,load27423,-3.001374655052211
2023-01-01T00:00:00.0,load25972,-0.23087497346555474
2023-01-01T00:00:00.0,load27062,-2.8474580060751746
2023-01-01T00:00:00.0,load24191,-1.0688656178960867
2023-01-01T00:00:00.0,load27063,-1.718735913576907
2023-01-01T00:00:00.0,load25662,-2.231791410167028
2023-01-01T00:00:00.0,load3014,-2.274546034882872
2023-01-01T00:00:00.0,load24681,-1.248435041702629
2023-01-01T00:00:00.0,load25452,-1.368147990906991
2023-01-01T00:00:00.0,load24682,-2.8132543063025
2023-01-01T00:00:00.0,load25973,-3.0954348294270666
2023-01-01T00:00:00.0,load25453,-1.4793100151681835
2023-01-01T00:00:00.0,load23231,-6.113911334365615
2023-01-01T00:00:00.0,load26795,-0.8721943442032066
2023-01-01T00:00:00.0,load26124,-4.608948544367925
2023-01-01T00:00:00.0,load23242,-4.754314268401793
2023-01-01T00:00:00.0,load27404,-2.9329672555068615
2023-01-01T00:00:00.0,load25663,-1.5733701895430396
2023-01-01T00:00:00.0,load25611,-0.09406017437485563
2023-01-01T00:00:00.0,load3016,-3.155291304029248
2023-01-01T00:00:00.0,load25971,-2.0864256861331607
2023-01-01T00:00:00.0,load27402,-1.915407187269787
2023-01-01T00:00:00.0,load25664,-1.4280044655091713
2023-01-01T00:00:00.0,load26926,-1.1458239423846048
2023-01-01T00:00:00.0,load26572,-1.2056804169867854
2023-01-01T00:00:00.0,load26571,-1.0517637680097491
2023-01-01T00:00:00.0,load27421,-0.3847916224425911
2023-01-01T00:00:00.0,load5021,-2.7191941319276443
2023-01-01T00:00:00.0,load27104,-2.0607729113036553
2023-01-01T00:00:00.0,load26573,-0.7353795451125075
2023-01-01T00:00:00.0,load2015,-2.5139719332915953
2023-01-01T00:00:00.0,load2013,-2.4284626838599084
2023-01-01T00:00:00.0,load5014,-0.530157346476459
2023-01-01T00:00:00.0,load27861,-2.189036785451185
2023-01-01T00:00:00.0,load27061,-1.50496278999769
2023-01-01T00:00:00.0,load23243,-0.5130554965901215
2023-01-01T00:00:00.0,load24192,-0.6669721455671581
2023-01-01T00:00:00.0,load24683,-1.9752636618719681
2023-01-01T00:00:00.0,load27862,-3.2065968536882594
2023-01-01T00:00:00.0,load25451,-2.112078460962667
2023-01-01T00:00:00.0,load25661,-2.0607729113036553
2023-01-08T00:00:00.0,load27423,-3.035033718028039
2023-01-08T00:00:00.0,load25972,-0.23346413215600303
2023-01-08T00:00:00.0,load27062,-2.8793909632573707
2023-01-08T00:00:00.0,load24191,-1.0808524636851993
2023-01-08T00:00:00.0,load27063,-1.7380107616058003
2023-01-08T00:00:00.0,load25662,-2.256819944174696
2023-01-08T00:00:00.0,load3014,-2.300054042722104
2023-01-08T00:00:00.0,load24681,-1.2624356775843126
2023-01-08T00:00:00.0,load25452,-1.3834911535170553
2023-01-08T00:00:00.0,load24682,-2.844803684419445
2023-01-08T00:00:00.0,load25973,-3.1301487348323374
2023-01-08T00:00:00.0,load25453,-1.4958998097403158
2023-01-08T00:00:00.0,load23231,-6.18247609227934
2023-01-08T00:00:00.0,load26795,-0.8819756103671228
2023-01-08T00:00:00.0,load26124,-4.660635823410578
2023-01-08T00:00:00.0,load23242,-4.807631758471766
2023-01-08T00:00:00.0,load27404,-2.965859160352187
2023-01-08T00:00:00.0,load25663,-1.591014826544614
2023-01-08T00:00:00.0,load25611,-0.09511501680429754
2023-01-08T00:00:00.0,load3016,-3.1906764727987085
2023-01-08T00:00:00.0,load25971,-2.1098240091135088
2023-01-08T00:00:00.0,load27402,-1.9368876149238772
2023-01-08T00:00:00.0,load25664,-1.444018891483426
2023-01-08T00:00:00.0,load26926,-1.158673841070534
2023-01-08T00:00:00.0,load26572,-1.2192015790369044
2023-01-08T00:00:00.0,load26571,-1.0635588242662362
2023-01-08T00:00:00.0,load27421,-0.3891068869266717
2023-01-08T00:00:00.0,load5021,-2.7496886676151466
2023-01-08T00:00:00.0,load27104,-2.0838835499850643
2023-01-08T00:00:00.0,load26573,-0.743626495015417
2023-01-08T00:00:00.0,load2015,-2.5421649945875884
2023-01-08T00:00:00.0,load2013,-2.455696797492772
2023-01-08T00:00:00.0,load5014,-0.5361028219878589
2023-01-08T00:00:00.0,load27861,-2.2135858456272883
2023-01-08T00:00:00.0,load27061,-1.5218402688687607
2023-01-08T00:00:00.0,load23243,-0.5188091825688956
2023-01-08T00:00:00.0,load24192,-0.6744519373395645
2023-01-08T00:00:00.0,load24683,-1.9974153528902483
2023-01-08T00:00:00.0,load27862,-3.242557391055598
2023-01-08T00:00:00.0,load25451,-2.1357644682419537
2023-01-08T00:00:00.0,load25661,-2.0838835499850643
2023-01-15T00:00:00.0,load27423,-3.0424822304266566
2023-01-15T00:00:00.0,load25972,-0.23403709464820438
2023-01-15T00:00:00.0,load27062,-2.8864575006611872
2023-01-15T00:00:00.0,load24191,-1.083505067815761
2023-01-15T00:00:00.0,load27063,-1.7422761490477434
2023-01-15T00:00:00.0,load25662,-2.2623585815993086
2023-01-15T00:00:00.0,load3014,-2.305698784311939
2023-01-15T00:00:00.0,load24681,-1.2655339192088089
2023-01-15T00:00:00.0,load25452,-1.3868864868041741
2023-01-15T00:00:00.0,load24682,-2.8517853384910836
2023-01-15T00:00:00.0,load25973,-3.1378306763944437
2023-01-15T00:00:00.0,load25453,-1.499571013857013
2023-01-15T00:00:00.0,load23231,-6.1976489879061525
2023-01-15T00:00:00.0,load26795,-0.8841401353376611
2023-01-15T00:00:00.0,load26124,-4.672073852421561
2023-01-15T00:00:00.0,load23242,-4.819430541644505
2023-01-15T00:00:00.0,load27404,-2.973137906086448
2023-01-15T00:00:00.0,load25663,-1.5949194598248002
2023-01-15T00:00:00.0,load25611,-0.09534844596778698
2023-01-15T00:00:00.0,load3016,-3.1985069601921268
2023-01-15T00:00:00.0,load25971,-2.115001892376365
2023-01-15T00:00:00.0,load27402,-1.9416410815258436
2023-01-15T00:00:00.0,load25664,-1.4475627706018563
2023-01-15T00:00:00.0,load26926,-1.1615174326984958
2023-01-15T00:00:00.0,load26572,-1.2221937164961783
2023-01-15T00:00:00.0,load26571,-1.0661689867307087
2023-01-15T00:00:00.0,load27421,-0.39006182441367393
2023-01-15T00:00:00.0,load5021,-2.756436892523296
2023-01-15T00:00:00.0,load27104,-2.088997770748787
2023-01-15T00:00:00.0,load26573,-0.7454514866572435
2023-01-15T00:00:00.0,load2015,-2.548403919502669
2023-01-15T00:00:00.0,load2013,-2.4617235140774083
2023-01-15T00:00:00.0,load5014,-0.5374185136366175
2023-01-15T00:00:00.0,load27861,-2.219018378886678
2023-01-15T00:00:00.0,load27061,-1.5255751354845917
2023-01-15T00:00:00.0,load23243,-0.5200824325515652
2023-01-15T00:00:00.0,load24192,-0.6761071623170349
2023-01-15T00:00:00.0,load24683,-2.002317365323526
2023-01-15T00:00:00.0,load27862,-3.250515203447283
2023-01-15T00:00:00.0,load25451,-2.1410060140039437
2023-01-15T00:00:00.0,load25661,-2.088997770748787
2023-01-22T00:00:00.0,load27423,-3.025563176884807
2023-01-22T00:00:00.0,load25972,-0.23273562899113906
2023-01-22T00:00:00.0,load27062,-2.8704060908907145
2023-01-22T00:00:00.0,load24191,-1.0774797638478661
2023-01-22T00:00:00.0,load27063,-1.7325874602673679
2023-01-22T00:00:00.0,load25662,-2.249777746914344
2023-01-22T00:00:00.0,load3014,-2.2928769374682587
2023-01-22T00:00:00.0,load24681,-1.2584963641743072
2023-01-22T00:00:00.0,load25452,-1.3791740977252684
2023-01-22T00:00:00.0,load24682,-2.8359267384475833
2023-01-22T00:00:00.0,load25973,-3.12038139610342
2023-01-22T00:00:00.0,load25453,-1.4912319931654463
2023-01-22T00:00:00.0,load23231,-6.163184249209793
2023-01-22T00:00:00.0,load26795,-0.8792234872998586
2023-01-22T00:00:00.0,load26124,-4.646092741711997
2023-01-22T00:00:00.0,load23242,-4.792629989595307
2023-01-22T00:00:00.0,load27404,-2.9566044719985443
2023-01-22T00:00:00.0,load25663,-1.586050212384059
2023-01-22T00:00:00.0,load25611,-0.0948182192186122
2023-01-22T00:00:00.0,load3016,-3.1807202628789
2023-01-22T00:00:00.0,load25971,-2.1032404990310347
2023-01-22T00:00:00.0,load27402,-1.930843736815376
2023-01-22T00:00:00.0,load25664,-1.4395129645007487
2023-01-22T00:00:00.0,load26926,-1.1550583068449125
2023-01-22T00:00:00.0,load26572,-1.2153971736203926
2023-01-22T00:00:00.0,load26571,-1.0602400876263
2023-01-22T00:00:00.0,load27421,-0.38789271498523176
2023-01-22T00:00:00.0,load5021,-2.741108519228971
2023-01-22T00:00:00.0,load27104,-2.0773809846986855
2023-01-22T00:00:00.0,load26573,-0.7413060775273316
2023-01-22T00:00:00.0,load2015,-2.53423240457018
2023-01-22T00:00:00.0,load2013,-2.448034023462351
2023-01-22T00:00:00.0,load5014,-0.5344299628685415
2023-01-22T00:00:00.0,load27861,-2.206678556360429
2023-01-22T00:00:00.0,load27061,-1.5170915074977953
2023-01-22T00:00:00.0,load23243,-0.5171902866469756
2023-01-22T00:00:00.0,load24192,-0.6723473726410684
2023-01-22T00:00:00.0,load24683,-1.9911826035908562
2023-01-22T00:00:00.0,load27862,-3.2324392915435975
2023-01-22T00:00:00.0,load25451,-2.129100013363383
2023-01-22T00:00:00.0,load25661,-2.0773809846986855
2023-01-29T00:00:00.0,load27423,-2.995896621664542
2023-01-29T00:00:00.0,load25972,-0.2304535862818879
2023-01-29T00:00:00.0,load27062,-2.842260897476617
2023-01-29T00:00:00.0,load24191,-1.0669147513050365
2023-01-29T00:00:00.0,load27063,-1.7155989200984982
2023-01-29T00:00:00.0,load25662,-2.2277180007249155
2023-01-29T00:00:00.0,load3014,-2.2703945907771175
2023-01-29T00:00:00.0,load24681,-1.2461564295242828
2023-01-29T00:00:00.0,load25452,-1.3656508816704467
2023-01-29T00:00:00.0,load24682,-2.8081196254348564
2023-01-29T00:00:00.0,load25973,-3.089785119779386
2023-01-29T00:00:00.0,load25453,-1.4766100158061704
2023-01-29T00:00:00.0,load23231,-6.1027523774648085
2023-01-29T00:00:00.0,load26795,-0.8706024370649098
2023-01-29T00:00:00.0,load26124,-4.600536407627316
2023-01-29T00:00:00.0,load23242,-4.745636813804802
2023-01-29T00:00:00.0,load27404,-2.9276140775810204
2023-01-29T00:00:00.0,load25663,-1.5704985139210141
2023-01-29T00:00:00.0,load25611,-0.0938884981148432
2023-01-29T00:00:00.0,load3016,-3.1495323458524673
2023-01-29T00:00:00.0,load25971,-2.082617594547431
2023-01-29T00:00:00.0,load27402,-1.9119112343386253
2023-01-29T00:00:00.0,load25664,-1.4253981077435285
2023-01-29T00:00:00.0,load26926,-1.1437326133989993
2023-01-29T00:00:00.0,load26572,-1.203479839472081
2023-01-29T00:00:00.0,load26571,-1.049844115284156
2023-01-29T00:00:00.0,load27421,-0.38408931046981315
2023-01-29T00:00:00.0,load5021,-2.7142311273200126
2023-01-29T00:00:00.0,load27104,-2.0570116405161105
2023-01-29T00:00:00.0,load26573,-0.734037348897865
2023-01-29T00:00:00.0,load2015,-2.5093834950694456
2023-01-29T00:00:00.0,load2013,-2.4240303149650426
2023-01-29T00:00:00.0,load5014,-0.5291897166472981
2023-01-29T00:00:00.0,load27861,-2.1850414106727145
2023-01-29T00:00:00.0,load27061,-1.5022159698374913
2023-01-29T00:00:00.0,load23243,-0.5121190806264174
2023-01-29T00:00:00.0,load24192,-0.6657548048143429
2023-01-29T00:00:00.0,load24683,-1.9716584604117076
2023-01-29T00:00:00.0,load27862,-3.2007442539151096
2023-01-29T00:00:00.0,load25451,-2.1082235485787524
2023-01-29T00:00:00.0,load25661,-2.0570116405161105
2023-02-05T00:00:00.0,load27423,-3.021072688421959
2023-02-05T00:00:00.0,load25972,-0.23239020680168926
2023-02-05T00:00:00.0,load27062,-2.8661458838875
2023-02-05T00:00:00.0,load24191,-1.0758805870448576
2023-02-05T00:00:00.0,load27063,-1.7300159839681306
2023-02-05T00:00:00.0,load25662,-2.2464386657496624
2023-02-05T00:00:00.0,load3014,-2.2894738892314566
2023-02-05T00:00:00.0,load24681,-1.2566285256683936
2023-02-05T00:00:00.0,load25452,-1.3771271514174177
2023-02-05T00:00:00.0,load24682,-2.831717705102066
2023-02-05T00:00:00.0,load25973,-3.115750180081907
2023-02-05T00:00:00.0,load25453,-1.4890187324700828
2023-02-05T00:00:00.0,load23231,-6.154036957896585
2023-02-05T00:00:00.0,load26795,-0.8779185590286039
2023-02-05T00:00:00.0,load26124,-4.639197091337425
2023-02-05T00:00:00.0,load23242,-4.785516851175526
2023-02-05T00:00:00.0,load27404,-2.9522163308510896
2023-02-05T00:00:00.0,load25663,-1.5836962241300305
2023-02-05T00:00:00.0,load25611,-0.09467749165994746
2023-02-05T00:00:00.0,load3016,-3.1759994929564197
2023-02-05T00:00:00.0,load25971,-2.100118905911562
2023-02-05T00:00:00.0,load27402,-1.9279780119843846
2023-02-05T00:00:00.0,load25664,-1.4373764642919296
2023-02-05T00:00:00.0,load26926,-1.1533439893120876
2023-02-05T00:00:00.0,load26572,-1.213593302186599
2023-02-05T00:00:00.0,load26571,-1.0586664976521398
2023-02-05T00:00:00.0,load27421,-0.3873170113361487
2023-02-05T00:00:00.0,load5021,-2.7370402134421177
2023-02-05T00:00:00.0,load27104,-2.0742977718224855
2023-02-05T00:00:00.0,load26573,-0.740205843886862
2023-02-05T00:00:00.0,load2015,-2.5304711407295044
2023-02-05T00:00:00.0,load2013,-2.4444006937659157
2023-02-05T00:00:00.0,load5014,-0.5336367711742493
2023-02-05T00:00:00.0,load27861,-2.2034034422678683
2023-02-05T00:00:00.0,load27061,-1.5148398665591594
2023-02-05T00:00:00.0,load23243,-0.5164226817815315
2023-02-05T00:00:00.0,load24192,-0.6713494863159912
2023-02-05T00:00:00.0,load24683,-1.988227324858897
2023-02-05T00:00:00.0,load27862,-3.2276417611345725
2023-02-05T00:00:00.0,load25451,-2.1259400400006383
2023-02-05T00:00:00.0,load25661,-2.0742977718224855
2023-02-12T00:00:00.0,load27423,-3.048860345863998
2023-02-12T00:00:00.0,load25972,-0.23452771891261534
2023-02-12T00:00:00.0,load27062,-2.892508533255588
2023-02-12T00:00:00.0,load24191,-1.085776476447293
2023-02-12T00:00:00.0,load27063,-1.7459285741272466
2023-02-12T00:00:00.0,load25662,-2.2671012828219474
2023-02-12T00:00:00.0,load3014,-2.310532341879839
2023-02-12T00:00:00.0,load24681,-1.2681869244904382
2023-02-12T00:00:00.0,load25452,-1.389793889852535
2023-02-12T00:00:00.0,load24682,-2.8577636860092754
2023-02-12T00:00:00.0,load25973,-3.1444086757913596
2023-02-12T00:00:00.0,load25453,-1.5027146434030534
2023-02-12T00:00:00.0,load23231,-6.210641445278515
2023-02-12T00:00:00.0,load26795,-0.8859936047809911
2023-02-12T00:00:00.0,load26124,-4.681868166440726
2023-02-12T00:00:00.0,load23242,-4.8295337672375585
2023-02-12T00:00:00.0,load27404,-2.9793706513713722
2023-02-12T00:00:00.0,load25663,-1.5982629733304154
2023-02-12T00:00:00.0,load25611,-0.09554832992736177
2023-02-12T00:00:00.0,load3016,-3.205212158472409
2023-02-12T00:00:00.0,load25971,-2.119435682025116
2023-02-12T00:00:00.0,load27402,-1.945711445793549
2023-02-12T00:00:00.0,load25664,-1.450597372533583
2023-02-12T00:00:00.0,load26926,-1.1639523827514981
2023-02-12T00:00:00.0,load26572,-1.224755865432546
2023-02-12T00:00:00.0,load26571,-1.0684040528241363
2023-02-12T00:00:00.0,load27421,-0.39087953152102545
2023-02-12T00:00:00.0,load5021,-2.7622153560819136
2023-02-12T00:00:00.0,load27104,-2.0933770465903807
2023-02-12T00:00:00.0,load26573,-0.7470142157957376
2023-02-12T00:00:00.0,load2015,-2.5537462726040325
2023-02-12T00:00:00.0,load2013,-2.466884154488249
2023-02-12T00:00:00.0,load5014,-0.5385451323178573
2023-02-12T00:00:00.0,load27861,-2.223670223764056
2023-02-12T00:00:00.0,load27061,-1.5287732788377884
2023-02-12T00:00:00.0,load23243,-0.5211727086947006
2023-02-12T00:00:00.0,load24192,-0.6775245213031108
2023-02-12T00:00:00.0,load24683,-2.0065149284745973
2023-02-12T00:00:00.0,load27862,-3.2573294293418793
2023-02-12T00:00:00.0,load25451,-2.1454943174598506
2023-02-12T00:00:00.0,load25661,-2.0933770465903807
2023-02-19T00:00:00.0,load27423,-3.0326250510887087
2023-02-19T00:00:00.0,load25972,-0.23327885008374688
2023-02-19T00:00:00.0,load27062,-2.8771058176995443
2023-02-19T00:00:00.0,load24191,-1.079994676313643
2023-02-19T00:00:00.0,load27063,-1.7366314395123377
2023-02-19T00:00:00.0,load25662,-2.2550288841428867
2023-02-19T00:00:00.0,load3014,-2.298228671195432
2023-02-19T00:00:00.0,load24681,-1.261433781934335
2023-02-19T00:00:00.0,load25452,-1.382393185681463
2023-02-19T00:00:00.0,load24682,-2.842545988057509
2023-02-19T00:00:00.0,load25973,-3.127664582604311
2023-02-19T00:00:00.0,load25453,-1.4947126320180817
2023-02-19T00:00:00.0,load23231,-6.177569548514037
2023-02-19T00:00:00.0,load26795,-0.8812756558719328
2023-02-19T00:00:00.0,load26124,-4.656937044264428
2023-02-19T00:00:00.0,load23242,-4.803816320243083
2023-02-19T00:00:00.0,load27404,-2.963505391804637
2023-02-19T00:00:00.0,load25663,-1.5897521635336829
2023-02-19T00:00:00.0,load25611,-0.09503953151560059
2023-02-19T00:00:00.0,load3016,-3.1881442844778745
2023-02-19T00:00:00.0,load25971,-2.1081496081642315
2023-02-19T00:00:00.0,load27402,-1.9353504599540483
2023-02-19T00:00:00.0,load25664,-1.4428728875550267
2023-02-19T00:00:00.0,load26926,-1.1577542930082259
2023-02-19T00:00:00.0,load26572,-1.218233994881789
2023-02-19T00:00:00.0,load26571,-1.062714761492625
2023-02-19T00:00:00.0,load27421,-0.3887980834729115
2023-02-19T00:00:00.0,load5021,-2.7475064565419083
2023-02-19T00:00:00.0,load27104,-2.082229735932704
2023-02-19T00:00:00.0,load26573,-0.7430363373037863
2023-02-19T00:00:00.0,load2015,-2.540147478689688
2023-02-19T00:00:00.0,load2013,-2.4537479045845965
2023-02-19T00:00:00.0,load5014,-0.535677359451567
2023-02-19T00:00:00.0,load27861,-2.211829097090341
2023-02-19T00:00:00.0,load27061,-1.5206325042496094
2023-02-19T00:00:00.0,load23243,-0.5183974446305486
2023-02-19T00:00:00.0,load24192,-0.6739166780197134
2023-02-19T00:00:00.0,load24683,-1.9958301618276129
2023-02-19T00:00:00.0,load27862,-3.2399840289409285
2023-02-19T00:00:00.0,load25451,-2.1340694803957585
2023-02-19T00:00:00.0,load25661,-2.082229735932704
2023-02-26T00:00:00.0,load27423,-3.0001440561336157
2023-02-26T00:00:00.0,load25972,-0.2307803120102782
2023-02-26T00:00:00.0,load27062,-2.8462905147934308
2023-02-26T00:00:00.0,load24191,-1.0684273704179545
2023-02-26T00:00:00.0,load27063,-1.7180312116320706
2023-02-26T00:00:00.0,load25662,-2.230876349432689
2023-02-26T00:00:00.0,load3014,-2.273613444249407
2023-02-26T00:00:00.0,load24681,-1.2479231686481709
2023-02-26T00:00:00.0,load25452,-1.3675870341349818
2023-02-26T00:00:00.0,load24682,-2.8121008389400566
2023-02-26T00:00:00.0,load25973,-3.0941656647303963
2023-02-26T00:00:00.0,load25453,-1.478703480658449
2023-02-26T00:00:00.0,load23231,-6.111404558790699
2023-02-26T00:00:00.0,load26795,-0.871836734261051
2023-02-26T00:00:00.0,load26124,-4.6070588212422185
2023-02-26T00:00:00.0,load23242,-4.752364943619061
2023-02-26T00:00:00.0,load27404,-2.931764704426867
2023-02-26T00:00:00.0,load25663,-1.5727250892552291
2023-02-26T00:00:00.0,load25611,-0.09402160859678
2023-02-26T00:00:00.0,load3016,-3.153997597473802
2023-02-26T00:00:00.0,load25971,-2.0855702270558476
2023-02-26T00:00:00.0,load27402,-1.9146218477889745
2023-02-26T00:00:00.0,load25664,-1.427418966878387
2023-02-26T00:00:00.0,load26926,-1.1453541410880472
2023-02-26T00:00:00.0,load26572,-1.2051860738314526
2023-02-26T00:00:00.0,load26571,-1.0513325324912672
2023-02-26T00:00:00.0,load27421,-0.3846338533504637
2023-02-26T00:00:00.0,load5021,-2.718079230343276
2023-02-26T00:00:00.0,load27104,-2.059927970165816
2023-02-26T00:00:00.0,load26573,-0.7350780308475526
2023-02-26T00:00:00.0,load2015,-2.5129411752230286
2023-02-26T00:00:00.0,load2013,-2.4274669855895925
2023-02-26T00:00:00.0,load5014,-0.5299399757273054
2023-02-26T00:00:00.0,load27861,-2.1881392546159706
2023-02-26T00:00:00.0,load27061,-1.50434573754848
2023-02-26T00:00:00.0,load23243,-0.512845137800618
2023-02-26T00:00:00.0,load24192,-0.6666986791408037
2023-02-26T00:00:00.0,load24683,-1.97445378053238
2023-02-26T00:00:00.0,load27862,-3.2052821112538634
2023-02-26T00:00:00.0,load25451,-2.111212483945878
2023-02-26T00:00:00.0,load25661,-2.059927970165816
2023-03-05T00:00:00.0,load27423,-3.011579838770036
2023-03-05T00:00:00.0,load25972,-0.23165998759769516
2023-03-05T00:00:00.0,load27062,-2.857139847038239
2023-03-05T00:00:00.0,load24191,-1.072499942581922
2023-03-05T00:00:00.0,load27063,-1.7245799076717299
2023-03-05T00:00:00.0,load25662,-2.2393798801110525
2023-03-05T00:00:00.0,load3014,-2.2822798778143296
2023-03-05T00:00:00.0,load24681,-1.2526799329356848
2023-03-05T00:00:00.0,load25452,-1.37279992650486
2023-03-05T00:00:00.0,load24682,-2.8228198488756187
2023-03-05T00:00:00.0,load25973,-3.1059598337172454
2023-03-05T00:00:00.0,load25453,-1.4843399205333796
2023-03-05T00:00:00.0,load23231,-6.134699671568592
2023-03-05T00:00:00.0,load26795,-0.8751599531468482
2023-03-05T00:00:00.0,load26124,-4.624619752413246
2023-03-05T00:00:00.0,load23242,-4.770479744604388
2023-03-05T00:00:00.0,load27404,-2.942939842444794
2023-03-05T00:00:00.0,load25663,-1.578719915480589
2023-03-05T00:00:00.0,load25611,-0.09437999494720913
2023-03-05T00:00:00.0,load3016,-3.166019830501833
2023-03-05T00:00:00.0,load25971,-2.093519887919911
2023-03-05T00:00:00.0,load27402,-1.921919897106804
2023-03-05T00:00:00.0,load25664,-1.4328599232894474
2023-03-05T00:00:00.0,load26926,-1.1497199384478205
2023-03-05T00:00:00.0,load26572,-1.2097799352324075
2023-03-05T00:00:00.0,load26571,-1.055339943500611
2023-03-05T00:00:00.0,load27421,-0.38609997932949186
2023-03-05T00:00:00.0,load5021,-2.7284398539284096
2023-03-05T00:00:00.0,load27104,-2.0677798892979453
2023-03-05T00:00:00.0,load26573,-0.7378799604963621
2023-03-05T00:00:00.0,load2015,-2.5225198649526797
2023-03-05T00:00:00.0,load2013,-2.436719869546126
2023-03-05T00:00:00.0,load5014,-0.5319599715206333
2023-03-05T00:00:00.0,load27861,-2.1964798824077763
2023-03-05T00:00:00.0,load27061,-1.510079919155346
2023-03-05T00:00:00.0,load23243,-0.5147999724393224
2023-03-05T00:00:00.0,load24192,-0.6692399641711194
2023-03-05T00:00:00.0,load24683,-1.981979893891392
2023-03-05T00:00:00.0,load27862,-3.217499827745765
2023-03-05T00:00:00.0,load25451,-2.1192598865418777
2023-03-05T00:00:00.0,load25661,-2.0677798892979453
2023-03-12T00:00:00.0,load27423,-3.042479247687511
2023-03-12T00:00:00.0,load25972,-0.23403686520673167
2023-03-12T00:00:00.0,load27062,-2.886454670883023
2023-03-12T00:00:00.0,load24191,-1.0835040055867207
2023-03-12T00:00:00.0,load27063,-1.7422744409834463
2023-03-12T00:00:00.0,load25662,-2.2623563636650723
2023-03-12T00:00:00.0,load3014,-2.305696523888541
2023-03-12T00:00:00.0,load24681,-1.2655326785252896
2023-03-12T00:00:00.0,load25452,-1.3868851271510023
2023-03-12T00:00:00.0,load24682,-2.8517825427042487
2023-03-12T00:00:00.0,load25973,-3.1378276001791425
2023-03-12T00:00:00.0,load25453,-1.4995695437320211
2023-03-12T00:00:00.0,load23231,-6.197642911956041
2023-03-12T00:00:00.0,load26795,-0.884139268558764
2023-03-12T00:00:00.0,load26124,-4.672069272089938
2023-03-12T00:00:00.0,load23242,-4.8194258168497335
2023-03-12T00:00:00.0,load27404,-2.973134991329961
2023-03-12T00:00:00.0,load25663,-1.5949178962236532
2023-03-12T00:00:00.0,load25611,-0.0953483524916314
2023-03-12T00:00:00.0,load3016,-3.1985038244919988
2023-03-12T00:00:00.0,load25971,-2.1149998189052788
2023-03-12T00:00:00.0,load27402,-1.941639178011403
2023-03-12T00:00:00.0,load25664,-1.4475613514638583
2023-03-12T00:00:00.0,load26926,-1.1615162939889645
2023-03-12T00:00:00.0,load26572,-1.2221925183018207
2023-03-12T00:00:00.0,load26571,-1.066167941497333
2023-03-12T00:00:00.0,load27421,-0.39006144201121934
2023-03-12T00:00:00.0,load5021,-2.7564341902126173
2023-03-12T00:00:00.0,load27104,-2.0889957227711973
2023-03-12T00:00:00.0,load26573,-0.7454507558436637
2023-03-12T00:00:00.0,load2015,-2.5484014211399666
2023-03-12T00:00:00.0,load2013,-2.4617211006930284
2023-03-12T00:00:00.0,load5014,-0.5374179867710134
2023-03-12T00:00:00.0,load27861,-2.2190162034416034
2023-03-12T00:00:00.0,load27061,-1.5255736398661024
2023-03-12T00:00:00.0,load23243,-0.5200819226816258
2023-03-12T00:00:00.0,load24192,-0.6761064994861137
2023-03-12T00:00:00.0,load24683,-2.0023154023242595
2023-03-12T00:00:00.0,load27862,-3.2505120167601618
2023-03-12T00:00:00.0,load25451,-2.14100391503936
2023-03-12T00:00:00.0,load25661,-2.0889957227711973
2023-03-19T00:00:00.0,load27423,-3.0398679367929384
2023-03-19T00:00:00.0,load25972,-0.23383599513791842
2023-03-19T00:00:00.0,load27062,-2.88397727336766
2023-03-19T00:00:00.0,load24191,-1.0825740515644369
2023-03-19T00:00:00.0,load27063,-1.7407790749156142
2023-03-19T00:00:00.0,load25662,-2.260414619666544
2023-03-19T00:00:00.0,load3014,-2.3037175817291216
2023-03-19T00:00:00.0,load24681,-1.2644464922272625
2023-03-19T00:00:00.0,load25452,-1.3856947860024793
2023-03-19T00:00:00.0,load24682,-2.8493349037175983
2023-03-19T00:00:00.0,load25973,-3.135134453330609
2023-03-19T00:00:00.0,load25453,-1.4982824873651808
2023-03-19T00:00:00.0,load23231,-6.192323574948579
2023-03-19T00:00:00.0,load26795,-0.8833804260765807
2023-03-19T00:00:00.0,load26124,-4.668059310345852
2023-03-19T00:00:00.0,load23242,-4.815289381358615
2023-03-19T00:00:00.0,load27404,-2.970583197492815
2023-03-19T00:00:00.0,load25663,-1.5935490039028513
2023-03-19T00:00:00.0,load25611,-0.09526651653767046
2023-03-19T00:00:00.0,load3016,-3.195758600218218
2023-03-19T00:00:00.0,load25971,-2.113184548653781
2023-03-19T00:00:00.0,load27402,-1.9399727004034708
2023-03-19T00:00:00.0,load25664,-1.4463189328900876
2023-03-19T00:00:00.0,load26926,-1.1605193832770766
2023-03-19T00:00:00.0,load26572,-1.2211435301646847
2023-03-19T00:00:00.0,load26571,-1.065252866739406
2023-03-19T00:00:00.0,load27421,-0.38972665856319727
2023-03-19T00:00:00.0,load5021,-2.7540683871799274
2023-03-19T00:00:00.0,load27104,-2.0872027714162344
2023-03-19T00:00:00.0,load26573,-0.7448109474763326
2023-03-19T00:00:00.0,load2015,-2.5462141692795552
2023-03-19T00:00:00.0,load2013,-2.4596082451544
2023-03-19T00:00:00.0,load5014,-0.5369567295759607
2023-03-19T00:00:00.0,load27861,-2.217111657603967
2023-03-19T00:00:00.0,load27061,-1.5242642646027273
2023-03-19T00:00:00.0,load23243,-0.5196355447509297
2023-03-19T00:00:00.0,load24192,-0.6755262081762087
2023-03-19T00:00:00.0,load24683,-2.00059684729108
2023-03-19T00:00:00.0,load27862,-3.247722154693311
2023-03-19T00:00:00.0,load25451,-2.1391663258913276
2023-03-19T00:00:00.0,load25661,-2.0872027714162344
2023-03-26T00:00:00.0,load27423,-3.011941708582478
2023-03-26T00:00:00.0,load25972,-0.23168782373711372
2023-03-26T00:00:00.0,load27062,-2.857483159424402
2023-03-26T00:00:00.0,load24191,-1.0726288135977486
2023-03-26T00:00:00.0,load27063,-1.7247871322651795
2023-03-26T00:00:00.0,load25662,-2.2396489627920984
2023-03-26T00:00:00.0,load3014,-2.282554115336009
2023-03-26T00:00:00.0,load24681,-1.2528304542821704
2023-03-26T00:00:00.0,load25452,-1.3729648814051183
2023-03-26T00:00:00.0,load24682,-2.8231590373892756
2023-03-26T00:00:00.0,load25973,-3.1063330441790797
2023-03-26T00:00:00.0,load25453,-1.484518278019284
2023-03-26T00:00:00.0,load23231,-6.135436813779122
2023-03-26T00:00:00.0,load26795,-0.8752651118957631
2023-03-26T00:00:00.0,load26124,-4.625175444233491
2023-03-26T00:00:00.0,load23242,-4.771052962882785
2023-03-26T00:00:00.0,load27404,-2.943293464512222
2023-03-26T00:00:00.0,load25663,-1.578909613615886
2023-03-26T00:00:00.0,load25611,-0.09439133559660189
2023-03-26T00:00:00.0,load3016,-3.1664002577405537
2023-03-26T00:00:00.0,load25971,-2.093771444142805
2023-03-26T00:00:00.0,load27402,-1.9221508339671654
2023-03-26T00:00:00.0,load25664,-1.433032094966592
2023-03-26T00:00:00.0,load26926,-1.1498580881767866
2023-03-26T00:00:00.0,load26572,-1.20992530173826
2023-03-26T00:00:00.0,load26571,-1.0554667525801844
2023-03-26T00:00:00.0,load27421,-0.3861463728951895
2023-03-26T00:00:00.0,load5021,-2.7287677017926724
2023-03-26T00:00:00.0,load27104,-2.068028352616459
2023-03-26T00:00:00.0,load26573,-0.737968623755251
2023-03-26T00:00:00.0,load2015,-2.522822969581904
2023-03-26T00:00:00.0,load2013,-2.4370126644940844
2023-03-26T00:00:00.0,load5014,-0.5320238915444834
2023-03-26T00:00:00.0,load27861,-2.196743810248189
2023-03-26T00:00:00.0,load27061,-1.5102613695456302
2023-03-26T00:00:00.0,load23243,-0.5148618305269193
2023-03-26T00:00:00.0,load24192,-0.6693203796849951
2023-03-26T00:00:00.0,load24683,-1.9822180475286395
2023-03-26T00:00:00.0,load27862,-3.217886440793246
2023-03-26T00:00:00.0,load25451,-2.1195145356691514
2023-03-26T00:00:00.0,load25661,-2.068028352616459
2023-04-02T00:00:00.0,load27423,-3.001374655052211
2023-04-02T00:00:00.0,load25972,-0.23087497346555474
2023-04-02T00:00:00.0,load27062,-2.8474580060751746
2023-04-02T00:00:00.0,load24191,-1.0688656178960867
2023-04-02T00:00:00.0,load27063,-1.718735913576907
2023-04-02T00:00:00.0,load25662,-2.231791410167028
2023-04-02T00:00:00.0,load3014,-2.274546034882872
2023-04-02T00:00:00.0,load24681,-1.248435041702629
2023-04-02T00:00:00.0,load25452,-1.368147990906991
2023-04-02T00:00:00.0,load24682,-2.8132543063025
2023-04-02T00:00:00.0,load25973,-3.0954348294270666
2023-04-02T00:00:00.0,load25453,-1.4793100151681835
2023-04-02T00:00:00.0,load23231,-6.113911334365615
2023-04-02T00:00:00.0,load26795,-0.8721943442032066
2023-04-02T00:00:00.0,load26124,-4.608948544367925
2023-04-02T00:00:00.0,load23242,-4.754314268401793
2023-04-02T00:00:00.0,load27404,-2.9329672555068615
2023-04-02T00:00:00.0,load25663,-1.5733701895430396
2023-04-02T00:00:00.0,load25611,-0.09406017437485563
2023-04-02T00:00:00.0,load3016,-3.155291304029248
2023-04-02T00:00:00.0,load25971,-2.0864256861331607
2023-04-02T00:00:00.0,load27402,-1.915407187269787
2023-04-02T00:00:00.0,load25664,-1.4280044655091713
2023-04-02T00:00:00.0,load26926,-1.1458239423846048
2023-04-02T00:00:00.0,load26572,-1.2056804169867854
2023-04-02T00:00:00.0,load26571,-1.0517637680097491
2023-04-02T00:00:00.0,load27421,-0.3847916224425911
2023-04-02T00:00:00.0,load5021,-2.7191941319276443
2023-04-02T00:00:00.0,load27104,-2.0607729113036553
2023-04-02T00:00:00.0,load26573,-0.7353795451125075
2023-04-02T00:00:00.0,load2015,-2.5139719332915953
2023-04-02T00:00:00.0,load2013,-2.4284626838599084
2023-04-02T00:00:00.0,load5014,-0.530157346476459
2023-04-02T00:00:00.0,load27861,-2.189036785451185
2023-04-02T00:00:00.0,load27061,-1.50496278999769
2023-04-02T00:00:00.0,load23243,-0.5130554965901215
2023-04-02T00:00:00.0,load24192,-0.6669721455671581
2023-04-02T00:00:00.0,load24683,-1.9752636618719681
2023-04-02T00:00:00.0,load27862,-3.2065968536882594
2023-04-02T00:00:00.0,load25451,-2.112078460962667
2023-04-02T00:00:00.0,load25661,-2.0607729113036553
2023-04-09T00:00:00.0,load27423,-3.035033718028039
2023-04-09T00:00:00.0,load25972,-0.23346413215600303
2023-04-09T00:00:00.0,load27062,-2.8793909632573707
2023-04-09T00:00:00.0,load24191,-1.0808524636851993
2023-04-09T00:00:00.0,load27063,-1.7380107616058003
2023-04-09T00:00:00.0,load25662,-2.256819944174696
2023-04-09T00:00:00.0,load3014,-2.300054042722104
2023-04-09T00:00:00.0,load24681,-1.2624356775843126
2023-04-09T00:00:00.0,load25452,-1.3834911535170553
2023-04-09T00:00:00.0,load24682,-2.844803684419445
2023-04-09T00:00:00.0,load25973,-3.1301487348323374
2023-04-09T00:00:00.0,load25453,-1.4958998097403158
2023-04-09T00:00:00.0,load23231,-6.18247609227934
2023-04-09T00:00:00.0,load26795,-0.8819756103671228
2023-04-09T00:00:00.0,load26124,-4.660635823410578
2023-04-09T00:00:00.0,load23242,-4.807631758471766
2023-04-09T00:00:00.0,load27404,-2.965859160352187
2023-04-09T00:00:00.0,load25663,-1.591014826544614
2023-04-09T00:00:00.0,load25611,-0.09511501680429754
2023-04-09T00:00:00.0,load3016,-3.1906764727987085
2023-04-09T00:00:00.0,load25971,-2.1098240091135088
2023-04-09T00:00:00.0,load27402,-1.9368876149238772
2023-04-09T00:00:00.0,load25664,-1.444018891483426
2023-04-09T00:00:00.0,load26926,-1.158673841070534
2023-04-09T00:00:00.0,load26572,-1.2192015790369044
2023-04-09T00:00:00.0,load26571,-1.0635588242662362
2023-04-09T00:00:00.0,load27421,-0.3891068869266717
2023-04-09T00:00:00.0,load5021,-2.7496886676151466
2023-04-09T00:00:00.0,load27104,-2.0838835499850643
2023-04-09T00:00:00.0,load26573,-0.743626495015417
2023-04-09T00:00:00.0,load2015,-2.5421649945875884
2023-04-09T00:00:00.0,load2013,-2.455696797492772
2023-04-09T00:00:00.0,load5014,-0.5361028219878589
2023-04-09T00:00:00.0,load27861,-2.2135858456272883
2023-04-09T00:00:00.0,load27061,-1.5218402688687607
2023-04-09T00:00:00.0,load23243,-0.5188091825688956
2023-04-09T00:00:00.0,load24192,-0.6744519373395645
2023-04-09T00:00:00.0,load24683,-1.9974153528902483
2023-04-09T00:00:00.0,load27862,-3.242557391055598
2023-04-09T00:00:00.0,load25451,-2.1357644682419537
2023-04-09T00:00:00.0,load25661,-2.0838835499850643
2023-04-16T00:00:00.0,load27423,-3.0424822304266566
2023-04-16T00:00:00.0,load25972,-0.23403709464820438
2023-04-16T00:00:00.0,load27062,-2.8864575006611872
2023-04-16T00:00:00.0,load24191,-1.083505067815761
2023-04-16T00:00:00.0,load27063,-1.7422761490477434
2023-04-16T00:00:00.0,load25662,-2.2623585815993086
2023-04-16T00:00:00.0,load3014,-2.305698784311939
2023-04-16T00:00:00.0,load24681,-1.2655339192088089
2023-04-16T00:00:00.0,load25452,-1.3868864868041741
2023-04-16T00:00:00.0,load24682,-2.8517853384910836
2023-04-16T00:00:00.0,load25973,-3.1378306763944437
2023-04-16T00:00:00.0,load25453,-1.499571013857013
2023-04-16T00:00:00.0,load23231,-6.1976489879061525
2023-04-16T00:00:00.0,load26795,-0.8841401353376611
2023-04-16T00:00:00.0,load26124,-4.672073852421561
2023-04-16T00:00:00.0,load23242,-4.819430541644505
2023-04-16T00:00:00.0,load27404,-2.973137906086448
2023-04-16T00:00:00.0,load25663,-1.5949194598248002
2023-04-16T00:00:00.0,load25611,-0.09534844596778698
2023-04-16T00:00:00.0,load3016,-3.1985069601921268
2023-04-16T00:00:00.0,load25971,-2.115001892376365
2023-04-16T00:00:00.0,load27402,-1.9416410815258436
2023-04-16T00:00:00.0,load25664,-1.4475627706018563
2023-04-16T00:00:00.0,load26926,-1.1615174326984958
2023-04-16T00:00:00.0,load26572,-1.2221937164961783
2023-04-16T00:00:00.0,load26571,-1.0661689867307087
2023-04-16T00:00:00.0,load27421,-0.39006182441367393
2023-04-16T00:00:00.0,load5021,-2.756436892523296
2023-04-16T00:00:00.0,load27104,-2.088997770748787
2023-04-16T00:00:00.0,load26573,-0.7454514866572435
2023-04-16T00:00:00.0,load2015,-2.548403919502669
2023-04-16T00:00:00.0,load2013,-2.4617235140774083
2023-04-16T00:00:00.0,load5014,-0.5374185136366175
2023-04-16T00:00:00.0,load27861,-2.219018378886678
2023-04-16T00:00:00.0,load27061,-1.5255751354845917
2023-04-16T00:00:00.0,load23243,-0.5200824325515652
2023-04-16T00:00:00.0,load24192,-0.6761071623170349
2023-04-16T00:00:00.0,load24683,-2.002317365323526
2023-04-16T00:00:00.0,load27862,-3.250515203447283
2023-04-16T00:00:00.0,load25451,-2.1410060140039437
2023-04-16T00:00:00.0,load25661,-2.088997770748787
2023-04-23T00:00:00.0,load27423,-3.025563176884807
2023-04-23T00:00:00.0,load25972,-0.23273562899113906
2023-04-23T00:00:00.0,load27062,-2.8704060908907145
2023-04-23T00:00:00.0,load24191,-1.0774797638478661
2023-04-23T00:00:00.0,load27063,-1.7325874602673679
2023-04-23T00:00:00.0,load25662,-2.249777746914344
2023-04-23T00:00:00.0,load3014,-2.2928769374682587
2023-04-23T00:00:00.0,load24681,-1.2584963641743072
2023-04-23T00:00:00.0,load25452,-1.3791740977252684
2023-04-23T00:00:00.0,load24682,-2.8359267384475833
2023-04-23T00:00:00.0,load25973,-3.12038139610342
2023-04-23T00:00:00.0,load25453,-1.4912319931654463
2023-04-23T00:00:00.0,load23231,-6.163184249209793
2023-04-23T00:00:00.0,load26795,-0.8792234872998586
2023-04-23T00:00:00.0,load26124,-4.646092741711997
2023-04-23T00:00:00.0,load23242,-4.792629989595307
2023-04-23T00:00:00.0,load27404,-2.9566044719985443
2023-04-23T00:00:00.0,load25663,-1.586050212384059
2023-04-23T00:00:00.0,load25611,-0.0948182192186122
2023-04-23T00:00:00.0,load3016,-3.1807202628789
2023-04-23T00:00:00.0,load25971,-2.1032404990310347
2023-04-23T00:00:00.0,load27402,-1.930843736815376
2023-04-23T00:00:00.0,load25664,-1.4395129645007487
2023-04-23T00:00:00.0,load26926,-1.1550583068449125
2023-04-23T00:00:00.0,load26572,-1.2153971736203926
2023-04-23T00:00:00.0,load26571,-1.0602400876263
2023-04-23T00:00:00.0,load27421,-0.38789271498523176
2023-04-23T00:00:00.0,load5021,-2.741108519228971
2023-04-23T00:00:00.0,load27104,-2.0773809846986855
2023-04-23T00:00:00.0,load26573,-0.7413060775273316
2023-04-23T00:00:00.0,load2015,-2.53423240457018
2023-04-23T00:00:00.0,load2013,-2.448034023462351
2023-04-23T00:00:00.0,load5014,-0.5344299628685415
2023-04-23T00:00:00.0,load27861,-2.206678556360429
2023-04-23T00:00:00.0,load27061,-1.5170915074977953
2023-04-23T00:00:00.0,load23243,-0.5171902866469756
2023-04-23T00:00:00.0,load24192,-0.6723473726410684
2023-04-23T00:00:00.0,load24683,-1.9911826035908562
2023-04-23T00:00:00.0,load27862,-3.2324392915435975
2023-04-23T00:00:00.0,load25451,-2.129100013363383
2023-04-23T00:00:00.0,load25661,-2.0773809846986855
2023-04-30T00:00:00.0,load27423,-2.995896621664542
2023-04-30T00:00:00.0,load25972,-0.2304535862818879
2023-04-30T00:00:00.0,load27062,-2.842260897476617
2023-04-30T00:00:00.0,load24191,-1.0669147513050365
2023-04-30T00:00:00.0,load27063,-1.7155989200984982
2023-04-30T00:00:00.0,load25662,-2.2277180007249155
2023-04-30T00:00:00.0,load3014,-2.2703945907771175
2023-04-30T00:00:00.0,load24681,-1.2461564295242828
2023-04-30T00:00:00.0,load25452,-1.3656508816704467
2023-04-30T00:00:00.0,load24682,-2.8081196254348564
2023-04-30T00:00:00.0,load25973,-3.089785119779386
2023-04-30T00:00:00.0,load25453,-1.4766100158061704
2023-04-30T00:00:00.0,load23231,-6.1027523774648085
2023-04-30T00:00:00.0,load26795,-0.8706024370649098
2023-04-30T00:00:00.0,load26124,-4.600536407627316
2023-04-30T00:00:00.0,load23242,-4.745636813804802
2023-04-30T00:00:00.0,load27404,-2.9276140775810204
2023-04-30T00:00:00.0,load25663,-1.5704985139210141
2023-04-30T00:00:00.0,load25611,-0.0938884981148432
2023-04-30T00:00:00.0,load3016,-3.1495323458524673
2023-04-30T00:00:00.0,load25971,-2.082617594547431
2023-04-30T00:00:00.0,load27402,-1.9119112343386253
2023-04-30T00:00:00.0,load25664,-1.4253981077435285
2023-04-30T00:00:00.0,load26926,-1.1437326133989993
2023-04-30T00:00:00.0,load26572,-1.203479839472081
2023-04-30T00:00:00.0,load26571,-1.049844115284156
2023-04-30T00:00:00.0,load27421,-0.38408931046981315
2023-04-30T00:00:00.0,load5021,-2.7142311273200126
2023-04-30T00:00:00.0,load27104,-2.0570116405161105
2023-04-30T00:00:00.0,load26573,-0.734037348897865
2023-04-30T00:00:00.0,load2015,-2.5093834950694456
2023-04-30T00:00:00.0,load2013,-2.4240303149650426
2023-04-30T00:00:00.0,load5014,-0.5291897166472981
2023-04-30T00:00:00.0,load27861,-2.1850414106727145
2023-04-30T00:00:00.0,load27061,-1.5022159698374913
2023-04-30T00:00:00.0,load23243,-0.5121190806264174
2023-04-30T00:00:00.0,load24192,-0.6657548048143429
2023-04-30T00:00:00.0,load24683,-1.9716584604117076
2023-04-30T00:00:00.0,load27862,-3.2007442539151096
2023-04-30T00:00:00.0,load25451,-2.1082235485787524
2023-04-30T00:00:00.0,load25661,-2.0570116405161105
2023-05-07T00:00:00.0,load27423,-3.021072688421959
2023-05-07T00:00:00.0,load25972,-0.23239020680168926
2023-05-07T00:00:00.0,load27062,-2.8661458838875
2023-05-07T00:00:00.0,load24191,-1.0758805870448576
2023-05-07T00:00:00.0,load27063,-1.7300159839681306
2023-05-07T00:00:00.0,load25662,-2.2464386657496624
2023-05-07T00:00:00.0,load3014,-2.2894738892314566
2023-05-07T00:00:00.0,load24681,-1.2566285256683936
2023-05-07T00:00:00.0,load25452,-1.3771271514174177
2023-05-07T00:00:00.0,load24682,-2.831717705102066
2023-05-07T00:00:00.0,load25973,-3.115750180081907
2023-05-07T00:00:00.0,load25453,-1.4890187324700828
2023-05-07T00:00:00.0,load23231,-6.154036957896585
2023-05-07T00:00:00.0,load26795,-0.8779185590286039
2023-05-07T00:00:00.0,load26124,-4.639197091337425
2023-05-07T00:00:00.0,load23242,-4.785516851175526
2023-05-07T00:00:00.0,load27404,-2.9522163308510896
2023-05-07T00:00:00.0,load25663,-1.5836962241300305
2023-05-07T00:00:00.0,load25611,-0.09467749165994746
2023-05-07T00:00:00.0,load3016,-3.1759994929564197
2023-05-07T00:00:00.0,load25971,-2.100118905911562
2023-05-07T00:00:00.0,load27402,-1.9279780119843846
2023-05-07T00:00:00.0,load25664,-1.4373764642919296
2023-05-07T00:00:00.0,load26926,-1.1533439893120876
2023-05-07T00:00:00.0,load26572,-1.213593302186599
2023-05-07T00:00:00.0,load26571,-1.0586664976521398
2023-05-07T00:00:00.0,load27421,-0.3873170113361487
2023-05-07T00:00:00.0,load5021,-2.7370402134421177
2023-05-07T00:00:00.0,load27104,-2.0742977718224855
2023-05-07T00:00:00.0,load26573,-0.740205843886862
2023-05-07T00:00:00.0,load2015,-2.5304711407295044
2023-05-07T00:00:00.0,load2013,-2.4444006937659157
2023-05-07T00:00:00.0,load5014,-0.5336367711742493
2023-05-07T00:00:00.0,load27861,-2.2034034422678683
2023-05-07T00:00:00.0,load27061,-1.5148398665591594
2023-05-07T00:00:00.0,load23243,-0.5164226817815315
2023-05-07T00:00:00.0,load24192,-0.6713494863159912
2023-05-07T00:00:00.0,load24683,-1.988227324858897
2023-05-07T00:00:00.0,load27862,-3.2276417611345725
2023-05-07T00:00:00.0,load25451,-2.1259400400006383
2023-05-07T00:00:00.0,load25661,-2.0742977718224855
2023-05-14T00:00:00.0,load27423,-3.048860345863998
2023-05-14T00:00:00.0,load25972,-0.23452771891261534
2023-05-14T00:00:00.0,load27062,-2.892508533255588
2023-05-14T00:00:00.0,load24191,-1.085776476447293
2023-05-14T00:00:00.0,load27063,-1.7459285741272466
2023-05-14T00:00:00.0,load25662,-2.2671012828219474
2023-05-14T00:00:00.0,load3014,-2.310532341879839
2023-05-14T00:00:00.0,load24681,-1.2681869244904382
2023-05-14T00:00:00.0,load25452,-1.389793889852535
2023-05-14T00:00:00.0,load24682,-2.8577636860092754
2023-05-14T00:00:00.0,load25973,-3.1444086757913596
2023-05-14T00:00:00.0,load25453,-1.5027146434030534
2023-05-14T00:00:00.0,load23231,-6.210641445278515
2023-05-14T00:00:00.0,load26795,-0.8859936047809911
2023-05-14T00:00:00.0,load26124,-4.681868166440726
2023-05-14T00:00:00.0,load23242,-4.8295337672375585
2023-05-14T00:00:00.0,load27404,-2.9793706513713722
2023-05-14T00:00:00.0,load25663,-1.5982629733304154
2023-05-14T00:00:00.0,load25611,-0.09554832992736177
2023-05-14T00:00:00.0,load3016,-3.205212158472409
2023-05-14T00:00:00.0,load25971,-2.119435682025116
2023-05-14T00:00:00.0,load27402,-1.945711445793549
2023-05-14T00:00:00.0,load25664,-1.450597372533583
2023-05-14T00:00:00.0,load26926,-1.1639523827514981
2023-05-14T00:00:00.0,load26572,-1.224755865432546
2023-05-14T00:00:00.0,load26571,-1.0684040528241363
2023-05-14T00:00:00.0,load27421,-0.39087953152102545
2023-05-14T00:00:00.0,load5021,-2.7622153560819136
2023-05-14T00:00:00.0,load27104,-2.0933770465903807
2023-05-14T00:00:00.0,load26573,-0.7470142157957376
2023-05-14T00:00:00.0,load2015,-2.5537462726040325
2023-05-14T00:00:00.0,load2013,-2.466884154488249
2023-05-14T00:00:00.0,load5014,-0.5385451323178573
2023-05-14T00:00:00.0,load27861,-2.223670223764056
2023-05-14T00:00:00.0,load27061,-1.5287732788377884
2023-05-14T00:00:00.0,load23243,-0.5211727086947006
2023-05-14T00:00:00.0,load24192,-0.6775245213031108
2023-05-14T00:00:00.0,load24683,-2.0065149284745973
2023-05-14T00:00:00.0,load27862,-3.2573294293418793
2023-05-14T00:00:00.0,load25451,-2.1454943174598506
2023-05-14T00:00:00.0,load25661,-2.0933770465903807
2023-05-21T00:00:00.0,load27423,-3.0326250510887087
2023-05-21T00:00:00.0,load25972,-0.23327885008374688
2023-05-21T00:00:00.0,load27062,-2.8771058176995443
2023-05-21T00:00:00.0,load24191,-1.079994676313643
2023-05-21T00:00:00.0,load27063,-1.7366314395123377
2023-05-21T00:00:00.0,load25662,-2.2550288841428867
2023-05-21T00:00:00.0,load3014,-2.298228671195432
2023-05-21T00:00:00.0,load24681,-1.261433781934335
2023-05-21T00:00:00.0,load25452,-1.382393185681463
2023-05-21T00:00:00.0,load24682,-2.842545988057509
2023-05-21T00:00:00.0,load25973,-3.127664582604311
2023-05-21T00:00:00.0,load25453,-1.4947126320180817
2023-05-21T00:00:00.0,load23231,-6.177569548514037
2023-05-21T00:00:00.0,load26795,-0.8812756558719328
2023-05-21T00:00:00.0,load26124,-4.656937044264428
2023-05-21T00:00:00.0,load23242,-4.803816320243083
2023-05-21T00:00:00.0,load27404,-2.963505391804637
2023-05-21T00:00:00.0,load25663,-1.5897521635336829
2023-05-21T00:00:00.0,load25611,-0.09503953151560059
2023-05-21T00:00:00.0,load3016,-3.1881442844778745
2023-05-21T00:00:00.0,load25971,-2.1081496081642315
2023-05-21T00:00:00.0,load27402,-1.9353504599540483
2023-05-21T00:00:00.0,load25664,-1.4428728875550267
2023-05-21T00:00:00.0,load26926,-1.1577542930082259
2023-05-21T00:00:00.0,load26572,-1.218233994881789
2023-05-21T00:00:00.0,load26571,-1.062714761492625
2023-05-21T00:00:00.0,load27421,-0.3887980834729115
2023-05-21T00:00:00.0,load5021,-2.7475064565419083
2023-05-21T00:00:00.0,load27104,-2.082229735932704
2023-05-21T00:00:00.0,load26573,-0.7430363373037863
2023-05-21T00:00:00.0,load2015,-2.540147478689688
2023-05-21T00:00:00.0,load2013,-2.4537479045845965
2023-05-21T00:00:00.0,load5014,-0.535677359451567
2023-05-21T00:00:00.0,load27861,-2.211829097090341
2023-05-21T00:00:00.0,load27061,-1.5206325042496094
2023-05-21T00:00:00.0,load23243,-0.5183974446305486
2023-05-21T00:00:00.0,load24192,-0.6739166780197134
2023-05-21T00:00:00.0,load24683,-1.9958301618276129
2023-05-21T00:00:00.0,load27862,-3.2399840289409285
2023-05-21T00:00:00.0,load25451,-2.1340694803957585
2023-05-21T00:00:00.0,load25661,-2.082229735932704
2023-05-28T00:00:00.0,load27423,-3.0001440561336157
2023-05-28T00:00:00.0,load25972,-0.2307803120102782
2023-05-28T00:00:00.0,load27062,-2.8462905147934308
2023-05-28T00:00:00.0,load24191,-1.0684273704179545
2023-05-28T00:00:00.0,load27063,-1.7180312116320706
2023-05-28T00:00:00.0,load25662,-2.230876349432689
2023-05-28T00:00:00.0,load3014,-2.273613444249407
2023-05-28T00:00:00.0,load24681,-1.2479231686481709
2023-05-28T00:00:00.0,load25452,-1.3675870341349818
2023-05-28T00:00:00.0,load24682,-2.8121008389400566
2023-05-28T00:00:00.0,load25973,-3.0941656647303963
2023-05-28T00:00:00.0,load25453,-1.478703480658449
2023-05-28T00:00:00.0,load23231,-6.111404558790699
2023-05-28T00:00:00.0,load26795,-0.871836734261051
2023-05-28T00:00:00.0,load26124,-4.6070588212422185
2023-05-28T00:00:00.0,load23242,-4.752364943619061
2023-05-28T00:00:00.0,load27404,-2.931764704426867
2023-05-28T00:00:00.0,load25663,-1.5727250892552291
2023-05-28T00:00:00.0,load25611,-0.09402160859678
2023-05-28T00:00:00.0,load3016,-3.153997597473802
2023-05-28T00:00:00.0,load25971,-2.0855702270558476
2023-05-28T00:00:00.0,load27402,-1.9146218477889745
2023-05-28T00:00:00.0,load25664,-1.427418966878387
2023-05-28T00:00:00.0,load26926,-1.1453541410880472
2023-05-28T00:00:00.0,load26572,-1.2051860738314526
2023-05-28T00:00:00.0,load26571,-1.0513325324912672
2023-05-28T00:00:00.0,load27421,-0.3846338533504637
2023-05-28T00:00:00.0,load5021,-2.718079230343276
2023-05-28T00:00:00.0,load27104,-2.059927970165816
2023-05-28T00:00:00.0,load26573,-0.7350780308475526
2023-05-28T00:00:00.0,load2015,-2.5129411752230286
2023-05-28T00:00:00.0,load2013,-2.4274669855895925
2023-05-28T00:00:00.0,load5014,-0.5299399757273054
2023-05-28T00:00:00.0,load27861,-2.1881392546159706
2023-05-28T00:00:00.0,load27061,-1.50434573754848
2023-05-28T00:00:00.0,load23243,-0.512845137800618
2023-05-28T00:00:00.0,load24192,-0.6666986791408037
2023-05-28T00:00:00.0,load24683,-1.97445378053238
2023-05-28T00:00:00.0,load27862,-3.2052821112538634
2023-05-28T00:00:00.0,load25451,-2.111212483945878
2023-05-28T00:00:00.0,load25661,-2.059927970165816
2023-06-04T00:00:00.0,load27423,-3.011579838770036
2023-06-04T00:00:00.0,load25972,-0.23165998759769516
2023-06-04T00:00:00.0,load27062,-2.857139847038239
2023-06-04T00:00:00.0,load24191,-1.072499942581922
2023-06-04T00:00:00.0,load27063,-1.7245799076717299
2023-06-04T00:00:00.0,load25662,-2.2393798801110525
2023-06-04T00:00:00.0,load3014,-2.2822798778143296
2023-06-04T00:00:00.0,load24681,-1.2526799329356848
2023-06-04T00:00:00.0,load25452,-1.37279992650486
2023-06-04T00:00:00.0,load24682,-2.8228198488756187
2023-06-04T00:00:00.0,load25973,-3.1059598337172454
2023-06-04T00:00:00.0,load25453,-1.4843399205333796
2023-06-04T00:00:00.0,load23231,-6.134699671568592
2023-06-04T00:00:00.0,load26795,-0.8751599531468482
2023-06-04T00:00:00.0,load26124,-4.624619752413246
2023-06-04T00:00:00.0,load23242,-4.770479744604388
2023-06-04T00:00:00.0,load27404,-2.942939842444794
2023-06-04T00:00:00.0,load25663,-1.578719915480589
2023-06-04T00:00:00.0,load25611,-0.09437999494720913
2023-06-04T00:00:00.0,load3016,-3.166019830501833
2023-06-04T00:00:00.0,load25971,-2.093519887919911
2023-06-04T00:00:00.0,load27402,-1.921919897106804
2023-06-04T00:00:00.0,load25664,-1.4328599232894474
2023-06-04T00:00:00.0,load26926,-1.1497199384478205
2023-06-04T00:00:00.0,load26572,-1.2097799352324075
2023-06-04T00:00:00.0,load26571,-1.055339943500611
2023-06-04T00:00:00.0,load27421,-0.38609997932949186
2023-06-04T00:00:00.0,load5021,-2.7284398539284096
2023-06-04T00:00:00.0,load27104,-2.0677798892979453
2023-06-04T00:00:00.0,load26573,-0.7378799604963621
2023-06-04T00:00:00.0,load2015,-2.5225198649526797
2023-06-04T00:00:00.0,load2013,-2.436719869546126
2023-06-04T00:00:00.0,load5014,-0.5319599715206333
2023-06-04T00:00:00.0,load27861,-2.1964798824077763
2023-06-04T00:00:00.0,load27061,-1.510079919155346
2023-06-04T00:00:00.0,load23243,-0.5147999724393224
2023-06-04T00:00:00.0,load24192,-0.6692399641711194
2023-06-04T00:00:00.0,load24683,-1.981979893891392
2023-06-04T00:00:00.0,load27862,-3.217499827745765
2023-06-04T00:00:00.0,load25451,-2.1192598865418777
2023-06-04T00:00:00.0,load25661,-2.0677798892979453
2023-06-11T00:00:00.0,load27423,-3.042479247687511
2023-06-11T00:00:00.0,load25972,-0.23403686520673167
2023-06-11T00:00:00.0,load27062,-2.886454670883023
2023-06-11T00:00:00.0,load24191,-1.0835040055867207
2023-06-11T00:00:00.0,load27063,-1.7422744409834463
2023-06-11T00:00:00.0,load25662,-2.2623563636650723
2023-06-11T00:00:00.0,load3014,-2.305696523888541
2023-06-11T00:00:00.0,load24681,-1.2655326785252896
2023-06-11T00:00:00.0,load25452,-1.3868851271510023
2023-06-11T00:00:00.0,load24682,-2.8517825427042487
2023-06-11T00:00:00.0,load25973,-3.1378276001791425
2023-06-11T00:00:00.0,load25453,-1.4995695437320211
2023-06-11T00:00:00.0,load23231,-6.197642911956041
2023-06-11T00:00:00.0,load26795,-0.884139268558764
2023-06-11T00:00:00.0,load26124,-4.672069272089938
2023-06-11T00:00:00.0,load23242,-4.8194258168497335
2023-06-11T00:00:00.0,load27404,-2.973134991329961
2023-06-11T00:00:00.0,load25663,-1.5949178962236532
2023-06-11T00:00:00.0,load25611,-0.0953483524916314
2023-06-11T00:00:00.0,load3016,-3.1985038244919988
2023-06-11T00:00:00.0,load25971,-2.1149998189052788
2023-06-11T00:00:00.0,load27402,-1.941639178011403
2023-06-11T00:00:00.0,load25664,-1.4475613514638583
2023-06-11T00:00:00.0,load26926,-1.1615162939889645
2023-06-11T00:00:00.0,load26572,-1.2221925183018207
2023-06-11T00:00:00.0,load26571,-1.066167941497333
2023-06-11T00:00:00.0,load27421,-0.39006144201121934
2023-06-11T00:00:00.0,load5021,-2.7564341902126173
2023-06-11T00:00:00.0,load27104,-2.0889957227711973
2023-06-11T00:00:00.0,load26573,-0.7454507558436637
2023-06-11T00:00:00.0,load2015,-2.5484014211399666
2023-06-11T00:00:00.0,load2013,-2.4617211006930284
2023-06-11T00:00:00.0,load5014,-0.5374179867710134
2023-06-11T00:00:00.0,load27861,-2.2190162034416034
2023-06-11T00:00:00.0,load27061,-1.5255736398661024
2023-06-11T00:00:00.0,load23243,-0.5200819226816258
2023-06-11T00:00:00.0,load24192,-0.6761064994861137
2023-06-11T00:00:00.0,load24683,-2.0023154023242595
2023-06-11T00:00:00.0,load27862,-3.2505120167601618
2023-06-11T00:00:00.0,load25451,-2.14100391503936
2023-06-11T00:00:00.0,load25661,-2.0889957227711973
2023-06-18T00:00:00.0,load27423,-3.0398679367929384
2023-06-18T00:00:00.0,load25972,-0.23383599513791842
2023-06-18T00:00:00.0,load27062,-2.88397727336766
2023-06-18T00:00:00.0,load24191,-1.0825740515644369
2023-06-18T00:00:00.0,load27063,-1.7407790749156142
2023-06-18T00:00:00.0,load25662,-2.260414619666544
2023-06-18T00:00:00.0,load3014,-2.3037175817291216
2023-06-18T00:00:00.0,load24681,-1.2644464922272625
2023-06-18T00:00:00.0,load25452,-1.3856947860024793
2023-06-18T00:00:00.0,load24682,-2.8493349037175983
2023-06-18T00:00:00.0,load25973,-3.135134453330609
2023-06-18T00:00:00.0,load25453,-1.4982824873651808
2023-06-18T00:00:00.0,load23231,-6.192323574948579
2023-06-18T00:00:00.0,load26795,-0.8833804260765807
2023-06-18T00:00:00.0,load26124,-4.668059310345852
2023-06-18T00:00:00.0,load23242,-4.815289381358615
2023-06-18T00:00:00.0,load27404,-2.970583197492815
2023-06-18T00:00:00.0,load25663,-1.5935490039028513
2023-06-18T00:00:00.0,load25611,-0.09526651653767046
2023-06-18T00:00:00.0,load3016,-3.195758600218218
2023-06-18T00:00:00.0,load25971,-2.113184548653781
2023-06-18T00:00:00.0,load27402,-1.9399727004034708
2023-06-18T00:00:00.0,load25664,-1.4463189328900876
2023-06-18T00:00:00.0,load26926,-1.1605193832770766
2023-06-18T00:00:00.0,load26572,-1.2211435301646847
2023-06-18T00:00:00.0,load26571,-1.065252866739406
2023-06-18T00:00:00.0,load27421,-0.38972665856319727
2023-06-18T00:00:00.0,load5021,-2.7540683871799274
2023-06-18T00:00:00.0,load27104,-2.0872027714162344
2023-06-18T00:00:00.0,load26573,-0.7448109474763326
2023-06-18T00:00:00.0,load2015,-2.5462141692795552
2023-06-18T00:00:00.0,load2013,-2.4596082451544
2023-06-18T00:00:00.0,load5014,-0.5369567295759607
2023-06-18T00:00:00.0,load27861,-2.217111657603967
2023-06-18T00:00:00.0,load27061,-1.5242642646027273
2023-06-18T00:00:00.0,load23243,-0.5196355447509297
2023-06-18T00:00:00.0,load24192,-0.6755262081762087
2023-06-18T00:00:00.0,load24683,-2.00059684729108
2023-06-18T00:00:00.0,load27862,-3.247722154693311
2023-06-18T00:00:00.0,load25451,-2.1391663258913276
2023-06-18T00:00:00.0,load25661,-2.0872027714162344
2023-06-25T00:00:00.0,load27423,-3.011941708582478
2023-06-25T00:00:00.0,load25972,-0.23168782373711372
2023-06-25T00:00:00.0,load27062,-2.857483159424402
2023-06-25T00:00:00.0,load24191,-1.0726288135977486
2023-06-25T00:00:00.0,load27063,-1.7247871322651795
2023-06-25T00:00:00.0,load25662,-2.2396489627920984
2023-06-25T00:00:00.0,load3014,-2.282554115336009
2023-06-25T00:00:00.0,load24681,-1.2528304542821704
2023-06-25T00:00:00.0,load25452,-1.3729648814051183
2023-06-25T00:00:00.0,load24682,-2.8231590373892756
2023-06-25T00:00:00.0,load25973,-3.1063330441790797
2023-06-25T00:00:00.0,load25453,-1.484518278019284
2023-06-25T00:00:00.0,load23231,-6.135436813779122
2023-06-25T00:00:00.0,load26795,-0.8752651118957631
2023-06-25T00:00:00.0,load26124,-4.625175444233491
2023-06-25T00:00:00.0,load23242,-4.771052962882785
2023-06-25T00:00:00.0,load27404,-2.943293464512222
2023-06-25T00:00:00.0,load25663,-1.578909613615886
2023-06-25T00:00:00.0,load25611,-0.09439133559660189
2023-06-25T00:00:00.0,load3016,-3.1664002577405537
2023-06-25T00:00:00.0,load25971,-2.093771444142805
2023-06-25T00:00:00.0,load27402,-1.9221508339671654
2023-06-25T00:00:00.0,load25664,-1.433032094966592
2023-06-25T00:00:00.0,load26926,-1.1498580881767866
2023-06-25T00:00:00.0,load26572,-1.20992530173826
2023-06-25T00:00:00.0,load26571,-1.0554667525801844
2023-06-25T00:00:00.0,load27421,-0.3861463728951895
2023-06-25T00:00:00.0,load5021,-2.7287677017926724
2023-06-25T00:00:00.0,load27104,-2.068028352616459
2023-06-25T00:00:00.0,load26573,-0.737968623755251
2023-06-25T00:00:00.0,load2015,-2.522822969581904
2023-06-25T00:00:00.0,load2013,-2.4370126644940844
2023-06-25T00:00:00.0,load5014,-0.5320238915444834
2023-06-25T00:00:00.0,load27861,-2.196743810248189
2023-06-25T00:00:00.0,load27061,-1.5102613695456302
2023-06-25T00:00:00.0,load23243,-0.5148618305269193
2023-06-25T00:00:00.0,load24192,-0.6693203796849951
2023-06-25T00:00:00.0,load24683,-1.9822180475286395
2023-06-25T00:00:00.0,load27862,-3.217886440793246
2023-06-25T00:00:00.0,load25451,-2.1195145356691514
2023-06-25T00:00:00.0,load25661,-2.068028352616459
2023-07-02T00:00:00.0,load27423,-3.001374655052211
2023-07-02T00:00:00.0,load25972,-0.23087497346555474
2023-07-02T00:00:00.0,load27062,-2.8474580060751746
2023-07-02T00:00:00.0,load24191,-1.0688656178960867
2023-07-02T00:00:00.0,load27063,-1.718735913576907
2023-07-02T00:00:00.0,load25662,-2.231791410167028
2023-07-02T00:00:00.0,load3014,-2.274546034882872
2023-07-02T00:00:00.0,load24681,-1.248435041702629
2023-07-02T00:00:00.0,load25452,-1.368147990906991
2023-07-02T00:00:00.0,load24682,-2.8132543063025
2023-07-02T00:00:00.0,load25973,-3.0954348294270666
2023-07-02T00:00:00.0,load25453,-1.4793100151681835
2023-07-02T00:00:00.0,load23231,-6.113911334365615
2023-07-02T00:00:00.0,load26795,-0.8721943442032066
2023-07-02T00:00:00.0,load26124,-4.608948544367925
2023-07-02T00:00:00.0,load23242,-4.754314268401793
2023-07-02T00:00:00.0,load27404,-2.9329672555068615
2023-07-02T00:00:00.0,load25663,-1.5733701895430396
2023-07-02T00:00:00.0,load25611,-0.09406017437485563
2023-07-02T00:00:00.0,load3016,-3.155291304029248
2023-07-02T00:00:00.0,load25971,-2.0864256861331607
2023-07-02T00:00:00.0,load27402,-1.915407187269787
2023-07-02T00:00:00.0,load25664,-1.4280044655091713
2023-07-02T00:00:00.0,load26926,-1.1458239423846048
2023-07-02T00:00:00.0,load26572,-1.2056804169867854
2023-07-02T00:00:00.0,load26571,-1.0517637680097491
2023-07-02T00:00:00.0,load27421,-0.3847916224425911
2023-07-02T00:00:00.0,load5021,-2.7191941319276443
2023-07-02T00:00:00.0,load27104,-2.0607729113036553
2023-07-02T00:00:00.0,load26573,-0.7353795451125075
2023-07-02T00:00:00.0,load2015,-2.5139719332915953
2023-07-02T00:00:00.0,load2013,-2.4284626838599084
2023-07-02T00:00:00.0,load5014,-0.530157346476459
2023-07-02T00:00:00.0,load27861,-2.189036785451185
2023-07-02T00:00:00.0,load27061,-1.50496278999769
2023-07-02T00:00:00.0,load23243,-0.5130554965901215
2023-07-02T00:00:00.0,load24192,-0.6669721455671581
2023-07-02T00:00:00.0,load24683,-1.9752636618719681
2023-07-02T00:00:00.0,load27862,-3.2065968536882594
2023-07-02T00:00:00.0,load25451,-2.112078460962667
2023-07-02T00:00:00.0,load25661,-2.0607729113036553
2023-07-09T00:00:00.0,load27423,-3.035033718028039
2023-07-09T00:00:00.0,load25972,-0.23346413215600303
2023-07-09T00:00:00.0,load27062,-2.8793909632573707
2023-07-09T00:00:00.0,load24191,-1.0808524636851993
2023-07-09T00:00:00.0,load27063,-1.7380107616058003
2023-07-09T00:00:00.0,load25662,-2.256819944174696
2023-07-09T00:00:00.0,load3014,-2.300054042722104
2023-07-09T00:00:00.0,load24681,-1.2624356775843126
2023-07-09T00:00:00.0,load25452,-1.3834911535170553
2023-07-09T00:00:00.0,load24682,-2.844803684419445
2023-07-09T00:00:00.0,load25973,-3.1301487348323374
2023-07-09T00:00:00.0,load25453,-1.4958998097403158
2023-07-09T00:00:00.0,load23231,-6.18247609227934
2023-07-09T00:00:00.0,load26795,-0.8819756103671228
2023-07-09T00:00:00.0,load26124,-4.660635823410578
2023-07-09T00:00:00.0,load23242,-4.807631758471766
2023-07-09T00:00:00.0,load27404,-2.965859160352187
2023-07-09T00:00:00.0,load25663,-1.591014826544614
2023-07-09T00:00:00.0,load25611,-0.09511501680429754
2023-07-09T00:00:00.0,load3016,-3.1906764727987085
2023-07-09T00:00:00.0,load25971,-2.1098240091135088
2023-07-09T00:00:00.0,load27402,-1.9368876149238772
2023-07-09T00:00:00.0,load25664,-1.444018891483426
2023-07-09T00:00:00.0,load26926,-1.158673841070534
2023-07-09T00:00:00.0,load26572,-1.2192015790369044
2023-07-09T00:00:00.0,load26571,-1.0635588242662362
2023-07-09T00:00:00.0,load27421,-0.3891068869266717
2023-07-09T00:00:00.0,load5021,-2.7496886676151466
2023-07-09T00:00:00.0,load27104,-2.0838835499850643
2023-07-09T00:00:00.0,load26573,-0.743626495015417
2023-07-09T00:00:00.0,load2015,-2.5421649945875884
2023-07-09T00:00:00.0,load2013,-2.455696797492772
2023-07-09T00:00:00.0,load5014,-0.5361028219878589
2023-07-09T00:00:00.0,load27861,-2.2135858456272883
2023-07-09T00:00:00.0,load27061,-1.5218402688687607
2023-07-09T00:00:00.0,load23243,-0.5188091825688956
2023-07-09T00:00:00.0,load24192,-0.6744519373395645
2023-07-09T00:00:00.0,load24683,-1.9974153528902483
2023-07-09T00:00:00.0,load27862,-3.242557391055598
2023-07-09T00:00:00.0,load25451,-2.1357644682419537
2023-07-09T00:00:00.0,load25661,-2.0838835499850643
2023-07-16T00:00:00.0,load27423,-3.0424822304266566
2023-07-16T00:00:00.0,load25972,-0.23403709464820438
2023-07-16T00:00:00.0,load27062,-2.8864575006611872
2023-07-16T00:00:00.0,load24191,-1.083505067815761
2023-07-16T00:00:00.0,load27063,-1.7422761490477434
2023-07-16T00:00:00.0,load25662,-2.2623585815993086
2023-07-16T00:00:00.0,load3014,-2.305698784311939
2023-07-16T00:00:00.0,load24681,-1.2655339192088089
2023-07-16T00:00:00.0,load25452,-1.3868864868041741
2023-07-16T00:00:00.0,load24682,-2.8517853384910836
2023-07-16T00:00:00.0,load25973,-3.1378306763944437
2023-07-16T00:00:00.0,load25453,-1.499571013857013
2023-07-16T00:00:00.0,load23231,-6.1976489879061525
2023-07-16T00:00:00.0,load26795,-0.8841401353376611
2023-07-16T00:00:00.0,load26124,-4.672073852421561
2023-07-16T00:00:00.0,load23242,-4.819430541644505
2023-07-16T00:00:00.0,load27404,-2.973137906086448
2023-07-16T00:00:00.0,load25663,-1.5949194598248002
2023-07-16T00:00:00.0,load25611,-0.09534844596778698
2023-07-16T00:00:00.0,load3016,-3.1985069601921268
2023-07-16T00:00:00.0,load25971,-2.115001892376365
2023-07-16T00:00:00.0,load27402,-1.9416410815258436
2023-07-16T00:00:00.0,load25664,-1.4475627706018563
2023-07-16T00:00:00.0,load26926,-1.1615174326984958
2023-07-16T00:00:00.0,load26572,-1.2221937164961783
2023-07-16T00:00:00.0,load26571,-1.0661689867307087
2023-07-16T00:00:00.0,load27421,-0.39006182441367393
2023-07-16T00:00:00.0,load5021,-2.756436892523296
2023-07-16T00:00:00.0,load27104,-2.088997770748787
2023-07-16T00:00:00.0,load26573,-0.7454514866572435
2023-07-16T00:00:00.0,load2015,-2.548403919502669
2023-07-16T00:00:00.0,load2013,-2.4617235140774083
2023-07-16T00:00:00.0,load5014,-0.5374185136366175
2023-07-16T00:00:00.0,load27861,-2.219018378886678
2023-07-16T00:00:00.0,load27061,-1.5255751354845917
2023-07-16T00:00:00.0,load23243,-0.5200824325515652
2023-07-16T00:00:00.0,load24192,-0.6761071623170349
2023-07-16T00:00:00.0,load24683,-2.002317365323526
2023-07-16T00:00:00.0,load27862,-3.250515203447283
2023-07-16T00:00:00.0,load25451,-2.1410060140039437
2023-07-16T00:00:00.0,load25661,-2.088997770748787
2023-07-23T00:00:00.0,load27423,-3.025563176884807
2023-07-23T00:00:00.0,load25972,-0.23273562899113906
2023-07-23T00:00:00.0,load27062,-2.8704060908907145
2023-07-23T00:00:00.0,load24191,-1.0774797638478661
2023-07-23T00:00:00.0,load27063,-1.7325874602673679
2023-07-23T00:00:00.0,load25662,-2.249777746914344
2023-07-23T00:00:00.0,load3014,-2.2928769374682587
2023-07-23T00:00:00.0,load24681,-1.2584963641743072
2023-07-23T00:00:00.0,load25452,-1.3791740977252684
2023-07-23T00:00:00.0,load24682,-2.8359267384475833
2023-07-23T00:00:00.0,load25973,-3.12038139610342
2023-07-23T00:00:00.0,load25453,-1.4912319931654463
2023-07-23T00:00:00.0,load23231,-6.163184249209793
2023-07-23T00:00:00.0,load26795,-0.8792234872998586
2023-07-23T00:00:00.0,load26124,-4.646092741711997
2023-07-23T00:00:00.0,load23242,-4.792629989595307
2023-07-23T00:00:00.0,load27404,-2.9566044719985443
2023-07-23T00:00:00.0,load25663,-1.586050212384059
2023-07-23T00:00:00.0,load25611,-0.0948182192186122
2023-07-23T00:00:00.0,load3016,-3.1807202628789
2023-07-23T00:00:00.0,load25971,-2.1032404990310347
2023-07-23T00:00:00.0,load27402,-1.930843736815376
2023-07-23T00:00:00.0,load25664,-1.4395129645007487
2023-07-23T00:00:00.0,load26926,-1.1550583068449125
2023-07-23T00:00:00.0,load26572,-1.2153971736203926
2023-07-23T00:00:00.0,load26571,-1.0602400876263
2023-07-23T00:00:00.0,load27421,-0.38789271498523176
2023-07-23T00:00:00.0,load5021,-2.741108519228971
2023-07-23T00:00:00.0,load27104,-2.0773809846986855
2023-07-23T00:00:00.0,load26573,-0.7413060775273316
2023-07-23T00:00:00.0,load2015,-2.53423240457018
2023-07-23T00:00:00.0,load2013,-2.448034023462351
2023-07-23T00:00:00.0,load5014,-0.5344299628685415
2023-07-23T00:00:00.0,load27861,-2.206678556360429
2023-07-23T00:00:00.0,load27061,-1.5170915074977953
2023-07-23T00:00:00.0,load23243,-0.5171902866469756
2023-07-23T00:00:00.0,load24192,-0.6723473726410684
2023-07-23T00:00:00.0,load24683,-1.9911826035908562
2023-07-23T00:00:00.0,load27862,-3.2324392915435975
2023-07-23T00:00:00.0,load25451,-2.129100013363383
2023-07-23T00:00:00.0,load25661,-2.0773809846986855
2023-07-30T00:00:00.0,load27423,-2.995896621664542
2023-07-30T00:00:00.0,load25972,-0.2304535862818879
2023-07-30T00:00:00.0,load27062,-2.842260897476617
2023-07-30T00:00:00.0,load24191,-1.0669147513050365
2023-07-30T00:00:00.0,load27063,-1.7155989200984982
2023-07-30T00:00:00.0,load25662,-2.2277180007249155
2023-07-30T00:00:00.0,load3014,-2.2703945907771175
2023-07-30T00:00:00.0,load24681,-1.2461564295242828
2023-07-30T00:00:00.0,load25452,-1.3656508816704467
2023-07-30T00:00:00.0,load24682,-2.8081196254348564
2023-07-30T00:00:00.0,load25973,-3.089785119779386
2023-07-30T00:00:00.0,load25453,-1.4766100158061704
2023-07-30T00:00:00.0,load23231,-6.1027523774648085
2023-07-30T00:00:00.0,load26795,-0.8706024370649098
2023-07-30T00:00:00.0,load26124,-4.600536407627316
2023-07-30T00:00:00.0,load23242,-4.745636813804802
2023-07-30T00:00:00.0,load27404,-2.9276140775810204
2023-07-30T00:00:00.0,load25663,-1.5704985139210141
2023-07-30T00:00:00.0,load25611,-0.0938884981148432
2023-07-30T00:00:00.0,load3016,-3.1495323458524673
2023-07-30T00:00:00.0,load25971,-2.082617594547431
2023-07-30T00:00:00.0,load27402,-1.9119112343386253
2023-07-30T00:00:00.0,load25664,-1.4253981077435285
2023-07-30T00:00:00.0,load26926,-1.1437326133989993
2023-07-30T00:00:00.0,load26572,-1.203479839472081
2023-07-30T00:00:00.0,load26571,-1.049844115284156
2023-07-30T00:00:00.0,load27421,-0.38408931046981315
2023-07-30T00:00:00.0,load5021,-2.7142311273200126
2023-07-30T00:00:00.0,load27104,-2.0570116405161105
2023-07-30T00:00:00.0,load26573,-0.734037348897865
2023-07-30T00:00:00.0,load2015,-2.5093834950694456
2023-07-30T00:00:00.0,load2013,-2.4240303149650426
2023-07-30T00:00:00.0,load5014,-0.5291897166472981
2023-07-30T00:00:00.0,load27861,-2.1850414106727145
2023-07-30T00:00:00.0,load27061,-1.5022159698374913
2023-07-30T00:00:00.0,load23243,-0.5121190806264174
2023-07-30T00:00:00.0,load24192,-0.6657548048143429
2023-07-30T00:00:00.0,load24683,-1.9716584604117076
2023-07-30T00:00:00.0,load27862,-3.2007442539151096
2023-07-30T00:00:00.0,load25451,-2.1082235485787524
2023-07-30T00:00:00.0,load25661,-2.0570116405161105
2023-08-06T00:00:00.0,load27423,-3.021072688421959
2023-08-06T00:00:00.0,load25972,-0.23239020680168926
2023-08-06T00:00:00.0,load27062,-2.8661458838875
2023-08-06T00:00:00.0,load24191,-1.0758805870448576
2023-08-06T00:00:00.0,load27063,-1.7300159839681306
2023-08-06T00:00:00.0,load25662,-2.2464386657496624
2023-08-06T00:00:00.0,load3014,-2.2894738892314566
2023-08-06T00:00:00.0,load24681,-1.2566285256683936
2023-08-06T00:00:00.0,load25452,-1.3771271514174177
2023-08-06T00:00:00.0,load24682,-2.831717705102066
2023-08-06T00:00:00.0,load25973,-3.115750180081907
2023-08-06T00:00:00.0,load25453,-1.4890187324700828
2023-08-06T00:00:00.0,load23231,-6.154036957896585
2023-08-06T00:00:00.0,load26795,-0.8779185590286039
2023-08-06T00:00:00.0,load26124,-4.639197091337425
2023-08-06T00:00:00.0,load23242,-4.785516851175526
2023-08-06T00:00:00.0,load27404,-2.9522163308510896
2023-08-06T00:00:00.0,load25663,-1.5836962241300305
2023-08-06T00:00:00.0,load25611,-0.09467749165994746
2023-08-06T00:00:00.0,load3016,-3.1759994929564197
2023-08-06T00:00:00.0,load25971,-2.100118905911562
2023-08-06T00:00:00.0,load27402,-1.9279780119843846
2023-08-06T00:00:00.0,load25664,-1.4373764642919296
2023-08-06T00:00:00.0,load26926,-1.1533439893120876
2023-08-06T00:00:00.0,load26572,-1.213593302186599
2023-08-06T00:00:00.0,load26571,-1.0586664976521398
2023-08-06T00:00:00.0,load27421,-0.3873170113361487
2023-08-06T00:00:00.0,load5021,-2.7370402134421177
2023-08-06T00:00:00.0,load27104,-2.0742977718224855
2023-08-06T00:00:00.0,load26573,-0.740205843886862
2023-08-06T00:00:00.0,load2015,-2.5304711407295044
2023-08-06T00:00:00.0,load2013,-2.4444006937659157
2023-08-06T00:00:00.0,load5014,-0.5336367711742493
2023-08-06T00:00:00.0,load27861,-2.2034034422678683
2023-08-06T00:00:00.0,load27061,-1.5148398665591594
2023-08-06T00:00:00.0,load23243,-0.5164226817815315
2023-08-06T00:00:00.0,load24192,-0.6713494863159912
2023-08-06T00:00:00.0,load24683,-1.988227324858897
2023-08-06T00:00:00.0,load27862,-3.2276417611345725
2023-08-06T00:00:00.0,load25451,-2.1259400400006383
2023-08-06T00:00:00.0,load25661,-2.0742977718224855
2023-08-13T00:00:00.0,load27423,-3.048860345863998
2023-08-13T00:00:00.0,load25972,-0.23452771891261534
2023-08-13T00:00:00.0,load27062,-2.892508533255588
2023-08-13T00:00:00.0,load24191,-1.085776476447293
2023-08-13T00:00:00.0,load27063,-1.7459285741272466
2023-08-13T00:00:00.0,load25662,-2.2671012828219474
2023-08-13T00:00:00.0,load3014,-2.310532341879839
2023-08-13T00:00:00.0,load24681,-1.2681869244904382
2023-08-13T00:00:00.0,load25452,-1.389793889852535
2023-08-13T00:00:00.0,load24682,-2.8577636860092754
2023-08-13T00:00:00.0,load25973,-3.1444086757913596
2023-08-13T00:00:00.0,load25453,-1.5027146434030534
2023-08-13T00:00:00.0,load23231,-6.210641445278515
2023-08-13T00:00:00.0,load26795,-0.8859936047809911
2023-08-13T00:00:00.0,load26124,-4.681868166440726
2023-08-13T00:00:00.0,load23242,-4.8295337672375585
2023-08-13T00:00:00.0,load27404,-2.9793706513713722
2023-08-13T00:00:00.0,load25663,-1.5982629733304154
2023-08-13T00:00:00.0,load25611,-0.09554832992736177
2023-08-13T00:00:00.0,load3016,-3.205212158472409
2023-08-13T00:00:00.0,load25971,-2.119435682025116
2023-08-13T00:00:00.0,load27402,-1.945711445793549
2023-08-13T00:00:00.0,load25664,-1.450597372533583
2023-08-13T00:00:00.0,load26926,-1.1639523827514981
2023-08-13T00:00:00.0,load26572,-1.224755865432546
2023-08-13T00:00:00.0,load26571,-1.0684040528241363
2023-08-13T00:00:00.0,load27421,-0.39087953152102545
2023-08-13T00:00:00.0,load5021,-2.7622153560819136
2023-08-13T00:00:00.0,load27104,-2.0933770465903807
2023-08-13T00:00:00.0,load26573,-0.7470142157957376
2023-08-13T00:00:00.0,load2015,-2.5537462726040325
2023-08-13T00:00:00.0,load2013,-2.466884154488249
2023-08-13T00:00:00.0,load5014,-0.5385451323178573
2023-08-13T00:00:00.0,load27861,-2.223670223764056
2023-08-13T00:00:00.0,load27061,-1.5287732788377884
2023-08-13T00:00:00.0,load23243,-0.5211727086947006
2023-08-13T00:00:00.0,load24192,-0.6775245213031108
2023-08-13T00:00:00.0,load24683,-2.0065149284745973
2023-08-13T00:00:00.0,load27862,-3.2573294293418793
2023-08-13T00:00:00.0,load25451,-2.1454943174598506
2023-08-13T00:00:00.0,load25661,-2.0933770465903807
2023-08-20T00:00:00.0,load27423,-3.0326250510887087
2023-08-20T00:00:00.0,load25972,-0.23327885008374688
2023-08-20T00:00:00.0,load27062,-2.8771058176995443
2023-08-20T00:00:00.0,load24191,-1.079994676313643
2023-08-20T00:00:00.0,load27063,-1.7366314395123377
2023-08-20T00:00:00.0,load25662,-2.2550288841428867
2023-08-20T00:00:00.0,load3014,-2.298228671195432
2023-08-20T00:00:00.0,load24681,-1.261433781934335
2023-08-20T00:00:00.0,load25452,-1.382393185681463
2023-08-20T00:00:00.0,load24682,-2.842545988057509
2023-08-20T00:00:00.0,load25973,-3.127664582604311
2023-08-20T00:00:00.0,load25453,-1.4947126320180817
2023-08-20T00:00:00.0,load23231,-6.177569548514037
2023-08-20T00:00:00.0,load26795,-0.8812756558719328
2023-08-20T00:00:00.0,load26124,-4.656937044264428
2023-08-20T00:00:00.0,load23242,-4.803816320243083
2023-08-20T00:00:00.0,load27404,-2.963505391804637
2023-08-20T00:00:00.0,load25663,-1.5897521635336829
2023-08-20T00:00:00.0,load25611,-0.09503953151560059
2023-08-20T00:00:00.0,load3016,-3.1881442844778745
2023-08-20T00:00:00.0,load25971,-2.1081496081642315
2023-08-20T00:00:00.0,load27402,-1.9353504599540483
2023-08-20T00:00:00.0,load25664,-1.4428728875550267
2023-08-20T00:00:00.0,load26926,-1.1577542930082259
2023-08-20T00:00:00.0,load26572,-1.218233994881789
2023-08-20T00:00:00.0,load26571,-1.062714761492625
2023-08-20T00:00:00.0,load27421,-0.3887980834729115
2023-08-20T00:00:00.0,load5021,-2.7475064565419083
2023-08-20T00:00:00.0,load27104,-2.082229735932704
2023-08-20T00:00:00.0,load26573,-0.7430363373037863
2023-08-20T00:00:00.0,load2015,-2.540147478689688
2023-08-20T00:00:00.0,load2013,-2.4537479045845965
2023-08-20T00:00:00.0,load5014,-0.535677359451567
2023-08-20T00:00:00.0,load27861,-2.211829097090341
2023-08-20T00:00:00.0,load27061,-1.5206325042496094
2023-08-20T00:00:00.0,load23243,-0.5183974446305486
2023-08-20T00:00:00.0,load24192,-0.6739166780197134
2023-08-20T00:00:00.0,load24683,-1.9958301618276129
2023-08-20T00:00:00.0,load27862,-3.2399840289409285
2023-08-20T00:00:00.0,load25451,-2.1340694803957585
2023-08-20T00:00:00.0,load25661,-2.082229735932704
2023-08-27T00:00:00.0,load27423,-3.0001440561336157
2023-08-27T00:00:00.0,load25972,-0.2307803120102782
2023-08-27T00:00:00.0,load27062,-2.8462905147934308
2023-08-27T00:00:00.0,load24191,-1.0684273704179545
2023-08-27T00:00:00.0,load27063,-1.7180312116320706
2023-08-27T00:00:00.0,load25662,-2.230876349432689
2023-08-27T00:00:00.0,load3014,-2.273613444249407
2023-08-27T00:00:00.0,load24681,-1.2479231686481709
2023-08-27T00:00:00.0,load25452,-1.3675870341349818
2023-08-27T00:00:00.0,load24682,-2.8121008389400566
2023-08-27T00:00:00.0,load25973,-3.0941656647303963
2023-08-27T00:00:00.0,load25453,-1.478703480658449
2023-08-27T00:00:00.0,load23231,-6.111404558790699
2023-08-27T00:00:00.0,load26795,-0.871836734261051
2023-08-27T00:00:00.0,load26124,-4.6070588212422185
2023-08-27T00:00:00.0,load23242,-4.752364943619061
2023-08-27T00:00:00.0,load27404,-2.931764704426867
2023-08-27T00:00:00.0,load25663,-1.5727250892552291
2023-08-27T00:00:00.0,load25611,-0.09402160859678
2023-08-27T00:00:00.0,load3016,-3.153997597473802
2023-08-27T00:00:00.0,load25971,-2.0855702270558476
2023-08-27T00:00:00.0,load27402,-1.9146218477889745
2023-08-27T00:00:00.0,load25664,-1.427418966878387
2023-08-27T00:00:00.0,load26926,-1.1453541410880472
2023-08-27T00:00:00.0,load26572,-1.2051860738314526
2023-08-27T00:00:00.0,load26571,-1.0513325324912672
2023-08-27T00:00:00.0,load27421,-0.3846338533504637
2023-08-27T00:00:00.0,load5021,-2.718079230343276
2023-08-27T00:00:00.0,load27104,-2.059927970165816
2023-08-27T00:00:00.0,load26573,-0.7350780308475526
2023-08-27T00:00:00.0,load2015,-2.5129411752230286
2023-08-27T00:00:00.0,load2013,-2.4274669855895925
2023-08-27T00:00:00.0,load5014,-0.5299399757273054
2023-08-27T00:00:00.0,load27861,-2.1881392546159706
2023-08-27T00:00:00.0,load27061,-1.50434573754848
2023-08-27T00:00:00.0,load23243,-0.512845137800618
2023-08-27T00:00:00.0,load24192,-0.6666986791408037
2023-08-27T00:00:00.0,load24683,-1.97445378053238
2023-08-27T00:00:00.0,load27862,-3.2052821112538634
2023-08-27T00:00:00.0,load25451,-2.111212483945878
2023-08-27T00:00:00.0,load25661,-2.059927970165816
2023-09-03T00:00:00.0,load27423,-3.011579838770036
2023-09-03T00:00:00.0,load25972,-0.23165998759769516
2023-09-03T00:00:00.0,load27062,-2.857139847038239
2023-09-03T00:00:00.0,load24191,-1.072499942581922
2023-09-03T00:00:00.0,load27063,-1.7245799076717299
2023-09-03T00:00:00.0,load25662,-2.2393798801110525
2023-09-03T00:00:00.0,load3014,-2.2822798778143296
2023-09-03T00:00:00.0,load24681,-1.2526799329356848
2023-09-03T00:00:00.0,load25452,-1.37279992650486
2023-09-03T00:00:00.0,load24682,-2.8228198488756187
2023-09-03T00:00:00.0,load25973,-3.1059598337172454
2023-09-03T00:00:00.0,load25453,-1.4843399205333796
2023-09-03T00:00:00.0,load23231,-6.134699671568592
2023-09-03T00:00:00.0,load26795,-0.8751599531468482
2023-09-03T00:00:00.0,load26124,-4.624619752413246
2023-09-03T00:00:00.0,load23242,-4.770479744604388
2023-09-03T00:00:00.0,load27404,-2.942939842444794
2023-09-03T00:00:00.0,load25663,-1.578719915480589
2023-09-03T00:00:00.0,load25611,-0.09437999494720913
2023-09-03T00:00:00.0,load3016,-3.166019830501833
2023-09-03T00:00:00.0,load25971,-2.093519887919911
2023-09-03T00:00:00.0,load27402,-1.921919897106804
2023-09-03T00:00:00.0,load25664,-1.4328599232894474
2023-09-03T00:00:00.0,load26926,-1.1497199384478205
2023-09-03T00:00:00.0,load26572,-1.2097799352324075
2023-09-03T00:00:00.0,load26571,-1.055339943500611
2023-09-03T00:00:00.0,load27421,-0.38609997932949186
2023-09-03T00:00:00.0,load5021,-2.7284398539284096
2023-09-03T00:00:00.0,load27104,-2.0677798892979453
2023-09-03T00:00:00.0,load26573,-0.7378799604963621
2023-09-03T00:00:00.0,load2015,-2.5225198649526797
2023-09-03T00:00:00.0,load2013,-2.436719869546126
2023-09-03T00:00:00.0,load5014,-0.5319599715206333
2023-09-03T00:00:00.0,load27861,-2.1964798824077763
2023-09-03T00:00:00.0,load27061,-1.510079919155346
2023-09-03T00:00:00.0,load23243,-0.5147999724393224
2023-09-03T00:00:00.0,load24192,-0.6692399641711194
2023-09-03T00:00:00.0,load24683,-1.981979893891392
2023-09-03T00:00:00.0,load27862,-3.217499827745765
2023-09-03T00:00:00.0,load25451,-2.1192598865418777
2023-09-03T00:00:00.0,load25661,-2.0677798892979453
2023-09-10T00:00:00.0,load27423,-3.042479247687511
2023-09-10T00:00:00.0,load25972,-0.23403686520673167
2023-09-10T00:00:00.0,load27062,-2.886454670883023
2023-09-10T00:00:00.0,load24191,-1.0835040055867207
2023-09-10T00:00:00.0,load27063,-1.7422744409834463
2023-09-10T00:00:00.0,load25662,-2.2623563636650723
2023-09-10T00:00:00.0,load3014,-2.305696523888541
2023-09-10T00:00:00.0,load24681,-1.2655326785252896
2023-09-10T00:00:00.0,load25452,-1.3868851271510023
2023-09-10T00:00:00.0,load24682,-2.8517825427042487
2023-09-10T00:00:00.0,load25973,-3.1378276001791425
2023-09-10T00:00:00.0,load25453,-1.4995695437320211
2023-09-10T00:00:00.0,load23231,-6.197642911956041
2023-09-10T00:00:00.0,load26795,-0.884139268558764
2023-09-10T00:00:00.0,load26124,-4.672069272089938
2023-09-10T00:00:00.0,load23242,-4.8194258168497335
2023-09-10T00:00:00.0,load27404,-2.973134991329961
2023-09-10T00:00:00.0,load25663,-1.5949178962236532
2023-09-10T00:00:00.0,load25611,-0.0953483524916314
2023-09-10T00:00:00.0,load3016,-3.1985038244919988
2023-09-10T00:00:00.0,load25971,-2.1149998189052788
2023-09-10T00:00:00.0,load27402,-1.941639178011403
2023-09-10T00:00:00.0,load25664,-1.4475613514638583
2023-09-10T00:00:00.0,load26926,-1.1615162939889645
2023-09-10T00:00:00.0,load26572,-1.2221925183018207
2023-09-10T00:00:00.0,load26571,-1.066167941497333
2023-09-10T00:00:00.0,load27421,-0.39006144201121934
2023-09-10T00:00:00.0,load5021,-2.7564341902126173
2023-09-10T00:00:00.0,load27104,-2.0889957227711973
2023-09-10T00:00:00.0,load26573,-0.7454507558436637
2023-09-10T00:00:00.0,load2015,-2.5484014211399666
2023-09-10T00:00:00.0,load2013,-2.4617211006930284
2023-09-10T00:00:00.0,load5014,-0.5374179867710134
2023-09-10T00:00:00.0,load27861,-2.2190162034416034
2023-09-10T00:00:00.0,load27061,-1.5255736398661024
2023-09-10T00:00:00.0,load23243,-0.5200819226816258
2023-09-10T00:00:00.0,load24192,-0.6761064994861137
2023-09-10T00:00:00.0,load24683,-2.0023154023242595
2023-09-10T00:00:00.0,load27862,-3.2505120167601618
2023-09-10T00:00:00.0,load25451,-2.14100391503936
2023-09-10T00:00:00.0,load25661,-2.0889957227711973
2023-09-17T00:00:00.0,load27423,-3.0398679367929384
2023-09-17T00:00:00.0,load25972,-0.23383599513791842
2023-09-17T00:00:00.0,load27062,-2.88397727336766
2023-09-17T00:00:00.0,load24191,-1.0825740515644369
2023-09-17T00:00:00.0,load27063,-1.7407790749156142
2023-09-17T00:00:00.0,load25662,-2.260414619666544
2023-09-17T00:00:00.0,load3014,-2.3037175817291216
2023-09-17T00:00:00.0,load24681,-1.2644464922272625
2023-09-17T00:00:00.0,load25452,-1.3856947860024793
2023-09-17T00:00:00.0,load24682,-2.8493349037175983
2023-09-17T00:00:00.0,load25973,-3.135134453330609
2023-09-17T00:00:00.0,load25453,-1.4982824873651808
2023-09-17T00:00:00.0,load23231,-6.192323574948579
2023-09-17T00:00:00.0,load26795,-0.8833804260765807
2023-09-17T00:00:00.0,load26124,-4.668059310345852
2023-09-17T00:00:00.0,load23242,-4.815289381358615
2023-09-17T00:00:00.0,load27404,-2.970583197492815
2023-09-17T00:00:00.0,load25663,-1.5935490039028513
2023-09-17T00:00:00.0,load25611,-0.09526651653767046
2023-09-17T00:00:00.0,load3016,-3.195758600218218
2023-09-17T00:00:00.0,load25971,-2.113184548653781
2023-09-17T00:00:00.0,load27402,-1.9399727004034708
2023-09-17T00:00:00.0,load25664,-1.4463189328900876
2023-09-17T00:00:00.0,load26926,-1.1605193832770766
2023-09-17T00:00:00.0,load26572,-1.2211435301646847
2023-09-17T00:00:00.0,load26571,-1.065252866739406
2023-09-17T00:00:00.0,load27421,-0.38972665856319727
2023-09-17T00:00:00.0,load5021,-2.7540683871799274
2023-09-17T00:00:00.0,load27104,-2.0872027714162344
2023-09-17T00:00:00.0,load26573,-0.7448109474763326
2023-09-17T00:00:00.0,load2015,-2.5462141692795552
2023-09-17T00:00:00.0,load2013,-2.4596082451544
2023-09-17T00:00:00.0,load5014,-0.5369567295759607
2023-09-17T00:00:00.0,load27861,-2.217111657603967
2023-09-17T00:00:00.0,load27061,-1.5242642646027273
2023-09-17T00:00:00.0,load23243,-0.5196355447509297
2023-09-17T00:00:00.0,load24192,-0.6755262081762087
2023-09-17T00:00:00.0,load24683,-2.00059684729108
2023-09-17T00:00:00.0,load27862,-3.247722154693311
2023-09-17T00:00:00.0,load25451,-2.1391663258913276
2023-09-17T00:00:00.0,load25661,-2.0872027714162344
2023-09-24T00:00:00.0,load27423,-3.011941708582478
2023-09-24T00:00:00.0,load25972,-0.23168782373711372
2023-09-24T00:00:00.0,load27062,-2.857483159424402
2023-09-24T00:00:00.0,load24191,-1.0726288135977486
2023-09-24T00:00:00.0,load27063,-1.7247871322651795
2023-09-24T00:00:00.0,load25662,-2.2396489627920984
2023-09-24T00:00:00.0,load3014,-2.282554115336009
2023-09-24T00:00:00.0,load24681,-1.2528304542821704
2023-09-24T00:00:00.0,load25452,-1.3729648814051183
2023-09-24T00:00:00.0,load24682,-2.8231590373892756
2023-09-24T00:00:00.0,load25973,-3.1063330441790797
2023-09-24T00:00:00.0,load25453,-1.484518278019284
2023-09-24T00:00:00.0,load23231,-6.135436813779122
2023-09-24T00:00:00.0,load26795,-0.8752651118957631
2023-09-24T00:00:00.0,load26124,-4.625175444233491
2023-09-24T00:00:00.0,load23242,-4.771052962882785
2023-09-24T00:00:00.0,load27404,-2.943293464512222
2023-09-24T00:00:00.0,load25663,-1.578909613615886
2023-09-24T00:00:00.0,load25611,-0.09439133559660189
2023-09-24T00:00:00.0,load3016,-3.1664002577405537
2023-09-24T00:00:00.0,load25971,-2.093771444142805
2023-09-24T00:00:00.0,load27402,-1.9221508339671654
2023-09-24T00:00:00.0,load25664,-1.433032094966592
2023-09-24T00:00:00.0,load26926,-1.1498580881767866
2023-09-24T00:00:00.0,load26572,-1.20992530173826
2023-09-24T00:00:00.0,load26571,-1.0554667525801844
2023-09-24T00:00:00.0,load27421,-0.3861463728951895
2023-09-24T00:00:00.0,load5021,-2.7287677017926724
2023-09-24T00:00:00.0,load27104,-2.068028352616459
2023-09-24T00:00:00.0,load26573,-0.737968623755251
2023-09-24T00:00:00.0,load2015,-2.522822969581904
2023-09-24T00:00:00.0,load2013,-2.4370126644940844
2023-09-24T00:00:00.0,load5014,-0.5320238915444834
2023-09-24T00:00:00.0,load27861,-2.196743810248189
2023-09-24T00:00:00.0,load27061,-1.5102613695456302
2023-09-24T00:00:00.0,load23243,-0.5148618305269193
2023-09-24T00:00:00.0,load24192,-0.6693203796849951
2023-09-24T00:00:00.0,load24683,-1.9822180475286395
2023-09-24T00:00:00.0,load27862,-3.217886440793246
2023-09-24T00:00:00.0,load25451,-2.1195145356691514
2023-09-24T00:00:00.0,load25661,-2.068028352616459
2023-10-01T00:00:00.0,load27423,-3.001374655052211
2023-10-01T00:00:00.0,load25972,-0.23087497346555474
2023-10-01T00:00:00.0,load27062,-2.8474580060751746
2023-10-01T00:00:00.0,load24191,-1.0688656178960867
2023-10-01T00:00:00.0,load27063,-1.718735913576907
2023-10-01T00:00:00.0,load25662,-2.231791410167028
2023-10-01T00:00:00.0,load3014,-2.274546034882872
2023-10-01T00:00:00.0,load24681,-1.248435041702629
2023-10-01T00:00:00.0,load25452,-1.368147990906991
2023-10-01T00:00:00.0,load24682,-2.8132543063025
2023-10-01T00:00:00.0,load25973,-3.0954348294270666
2023-10-01T00:00:00.0,load25453,-1.4793100151681835
2023-10-01T00:00:00.0,load23231,-6.113911334365615
2023-10-01T00:00:00.0,load26795,-0.8721943442032066
2023-10-01T00:00:00.0,load26124,-4.608948544367925
2023-10-01T00:00:00.0,load23242,-4.754314268401793
2023-10-01T00:00:00.0,load27404,-2.9329672555068615
2023-10-01T00:00:00.0,load25663,-1.5733701895430396
2023-10-01T00:00:00.0,load25611,-0.09406017437485563
2023-10-01T00:00:00.0,load3016,-3.155291304029248
2023-10-01T00:00:00.0,load25971,-2.0864256861331607
2023-10-01T00:00:00.0,load27402,-1.915407187269787
2023-10-01T00:00:00.0,load25664,-1.4280044655091713
2023-10-01T00:00:00.0,load26926,-1.1458239423846048
2023-10-01T00:00:00.0,load26572,-1.2056804169867854
2023-10-01T00:00:00.0,load26571,-1.0517637680097491
2023-10-01T00:00:00.0,load27421,-0.3847916224425911
2023-10-01T00:00:00.0,load5021,-2.7191941319276443
2023-10-01T00:00:00.0,load27104,-2.0607729113036553
2023-10-01T00:00:00.0,load26573,-0.7353795451125075
2023-10-01T00:00:00.0,load2015,-2.5139719332915953
2023-10-01T00:00:00.0,load2013,-2.4284626838599084
2023-10-01T00:00:00.0,load5014,-0.530157346476459
2023-10-01T00:00:00.0,load27861,-2.189036785451185
2023-10-01T00:00:00.0,load27061,-1.50496278999769
2023-10-01T00:00:00.0,load23243,-0.5130554965901215
2023-10-01T00:00:00.0,load24192,-0.6669721455671581
2023-10-01T00:00:00.0,load24683,-1.9752636618719681
2023-10-01T00:00:00.0,load27862,-3.2065968536882594
2023-10-01T00:00:00.0,load25451,-2.112078460962667
2023-10-01T00:00:00.0,load25661,-2.0607729113036553
2023-10-08T00:00:00.0,load27423,-3.035033718028039
2023-10-08T00:00:00.0,load25972,-0.23346413215600303
2023-10-08T00:00:00.0,load27062,-2.8793909632573707
2023-10-08T00:00:00.0,load24191,-1.0808524636851993
2023-10-08T00:00:00.0,load27063,-1.7380107616058003
2023-10-08T00:00:00.0,load25662,-2.256819944174696
2023-10-08T00:00:00.0,load3014,-2.300054042722104
2023-10-08T00:00:00.0,load24681,-1.2624356775843126
2023-10-08T00:00:00.0,load25452,-1.3834911535170553
2023-10-08T00:00:00.0,load24682,-2.844803684419445
2023-10-08T00:00:00.0,load25973,-3.1301487348323374
2023-10-08T00:00:00.0,load25453,-1.4958998097403158
2023-10-08T00:00:00.0,load23231,-6.18247609227934
2023-10-08T00:00:00.0,load26795,-0.8819756103671228
2023-10-08T00:00:00.0,load26124,-4.660635823410578
2023-10-08T00:00:00.0,load23242,-4.807631758471766
2023-10-08T00:00:00.0,load27404,-2.965859160352187
2023-10-08T00:00:00.0,load25663,-1.591014826544614
2023-10-08T00:00:00.0,load25611,-0.09511501680429754
2023-10-08T00:00:00.0,load3016,-3.1906764727987085
2023-10-08T00:00:00.0,load25971,-2.1098240091135088
2023-10-08T00:00:00.0,load27402,-1.9368876149238772
2023-10-08T00:00:00.0,load25664,-1.444018891483426
2023-10-08T00:00:00.0,load26926,-1.158673841070534
2023-10-08T00:00:00.0,load26572,-1.2192015790369044
2023-10-08T00:00:00.0,load26571,-1.0635588242662362
2023-10-08T00:00:00.0,load27421,-0.3891068869266717
2023-10-08T00:00:00.0,load5021,-2.7496886676151466
2023-10-08T00:00:00.0,load27104,-2.0838835499850643
2023-10-08T00:00:00.0,load26573,-0.743626495015417
2023-10-08T00:00:00.0,load2015,-2.5421649945875884
2023-10-08T00:00:00.0,load2013,-2.455696797492772
2023-10-08T00:00:00.0,load5014,-0.5361028219878589
2023-10-08T00:00:00.0,load27861,-2.2135858456272883
2023-10-08T00:00:00.0,load27061,-1.5218402688687607
2023-10-08T00:00:00.0,load23243,-0.5188091825688956
2023-10-08T00:00:00.0,load24192,-0.6744519373395645
2023-10-08T00:00:00.0,load24683,-1.9974153528902483
2023-10-08T00:00:00.0,load27862,-3.242557391055598
2023-10-08T00:00:00.0,load25451,-2.1357644682419537
2023-10-08T00:00:00.0,load25661,-2.0838835499850643
2023-10-15T00:00:00.0,load27423,-3.0424822304266566
2023-10-15T00:00:00.0,load25972,-0.23403709464820438
2023-10-15T00:00:00.0,load27062,-2.8864575006611872
2023-10-15T00:00:00.0,load24191,-1.083505067815761
2023-10-15T00:00:00.0,load27063,-1.7422761490477434
2023-10-15T00:00:00.0,load25662,-2.2623585815993086
2023-10-15T00:00:00.0,load3014,-2.305698784311939
2023-10-15T00:00:00.0,load24681,-1.2655339192088089
2023-10-15T00:00:00.0,load25452,-1.3868864868041741
2023-10-15T00:00:00.0,load24682,-2.8517853384910836
2023-10-15T00:00:00.0,load25973,-3.1378306763944437
2023-10-15T00:00:00.0,load25453,-1.499571013857013
2023-10-15T00:00:00.0,load23231,-6.1976489879061525
2023-10-15T00:00:00.0,load26795,-0.8841401353376611
2023-10-15T00:00:00.0,load26124,-4.672073852421561
2023-10-15T00:00:00.0,load23242,-4.819430541644505
2023-10-15T00:00:00.0,load27404,-2.973137906086448
2023-10-15T00:00:00.0,load25663,-1.5949194598248002
2023-10-15T00:00:00.0,load25611,-0.09534844596778698
2023-10-15T00:00:00.0,load3016,-3.1985069601921268
2023-10-15T00:00:00.0,load25971,-2.115001892376365
2023-10-15T00:00:00.0,load27402,-1.9416410815258436
2023-10-15T00:00:00.0,load25664,-1.4475627706018563
2023-10-15T00:00:00.0,load26926,-1.1615174326984958
2023-10-15T00:00:00.0,load26572,-1.2221937164961783
2023-10-15T00:00:00.0,load26571,-1.0661689867307087
2023-10-15T00:00:00.0,load27421,-0.39006182441367393
2023-10-15T00:00:00.0,load5021,-2.756436892523296
2023-10-15T00:00:00.0,load27104,-2.088997770748787
2023-10-15T00:00:00.0,load26573,-0.7454514866572435
2023-10-15T00:00:00.0,load2015,-2.548403919502669
2023-10-15T00:00:00.0,load2013,-2.4617235140774083
2023-10-15T00:00:00.0,load5014,-0.5374185136366175
2023-10-15T00:00:00.0,load27861,-2.219018378886678
2023-10-15T00:00:00.0,load27061,-1.5255751354845917
2023-10-15T00:00:00.0,load23243,-0.5200824325515652
2023-10-15T00:00:00.0,load24192,-0.6761071623170349
2023-10-15T00:00:00.0,load24683,-2.002317365323526
2023-10-15T00:00:00.0,load27862,-3.250515203447283
2023-10-15T00:00:00.0,load25451,-2.1410060140039437
2023-10-15T00:00:00.0,load25661,-2.088997770748787
2023-10-22T00:00:00.0,load27423,-3.025563176884807
2023-10-22T00:00:00.0,load25972,-0.23273562899113906
2023-10-22T00:00:00.0,load27062,-2.8704060908907145
2023-10-22T00:00:00.0,load24191,-1.0774797638478661
2023-10-22T00:00:00.0,load27063,-1.7325874602673679
2023-10-22T00:00:00.0,load25662,-2.249777746914344
2023-10-22T00:00:00.0,load3014,-2.2928769374682587
2023-10-22T00:00:00.0,load24681,-1.2584963641743072
2023-10-22T00:00:00.0,load25452,-1.3791740977252684
2023-10-22T00:00:00.0,load24682,-2.8359267384475833
2023-10-22T00:00:00.0,load25973,-3.12038139610342
2023-10-22T00:00:00.0,load25453,-1.4912319931654463
2023-10-22T00:00:00.0,load23231,-6.163184249209793
2023-10-22T00:00:00.0,load26795,-0.8792234872998586
2023-10-22T00:00:00.0,load26124,-4.646092741711997
2023-10-22T00:00:00.0,load23242,-4.792629989595307
2023-10-22T00:00:00.0,load27404,-2.9566044719985443
2023-10-22T00:00:00.0,load25663,-1.586050212384059
2023-10-22T00:00:00.0,load25611,-0.0948182192186122
2023-10-22T00:00:00.0,load3016,-3.1807202628789
2023-10-22T00:00:00.0,load25971,-2.1032404990310347
2023-10-22T00:00:00.0,load27402,-1.930843736815376
2023-10-22T00:00:00.0,load25664,-1.4395129645007487
2023-10-22T00:00:00.0,load26926,-1.1550583068449125
2023-10-22T00:00:00.0,load26572,-1.2153971736203926
2023-10-22T00:00:00.0,load26571,-1.0602400876263
2023-10-22T00:00:00.0,load27421,-0.38789271498523176
2023-10-22T00:00:00.0,load5021,-2.741108519228971
2023-10-22T00:00:00.0,load27104,-2.0773809846986855
2023-10-22T00:00:00.0,load26573,-0.7413060775273316
2023-10-22T00:00:00.0,load2015,-2.53423240457018
2023-10-22T00:00:00.0,load2013,-2.448034023462351
2023-10-22T00:00:00.0,load5014,-0.5344299628685415
2023-10-22T00:00:00.0,load27861,-2.206678556360429
2023-10-22T00:00:00.0,load27061,-1.5170915074977953
2023-10-22T00:00:00.0,load23243,-0.5171902866469756
2023-10-22T00:00:00.0,load24192,-0.6723473726410684
2023-10-22T00:00:00.0,load24683,-1.9911826035908562
2023-10-22T00:00:00.0,load27862,-3.2324392915435975
2023-10-22T00:00:00.0,load25451,-2.129100013363383
2023-10-22T00:00:00.0,load25661,-2.0773809846986855
2023-10-29T00:00:00.0,load27423,-2.995896621664542
2023-10-29T00:00:00.0,load25972,-0.2304535862818879
2023-10-29T00:00:00.0,load27062,-2.842260897476617
2023-10-29T00:00:00.0,load24191,-1.0669147513050365
2023-10-29T00:00:00.0,load27063,-1.7155989200984982
2023-10-29T00:00:00.0,load25662,-2.2277180007249155
2023-10-29T00:00:00.0,load3014,-2.2703945907771175
2023-10-29T00:00:00.0,load24681,-1.2461564295242828
2023-10-29T00:00:00.0,load25452,-1.3656508816704467
2023-10-29T00:00:00.0,load24682,-2.8081196254348564
2023-10-29T00:00:00.0,load25973,-3.089785119779386
2023-10-29T00:00:00.0,load25453,-1.4766100158061704
2023-10-29T00:00:00.0,load23231,-6.1027523774648085
2023-10-29T00:00:00.0,load26795,-0.8706024370649098
2023-10-29T00:00:00.0,load26124,-4.600536407627316
2023-10-29T00:00:00.0,load23242,-4.745636813804802
2023-10-29T00:00:00.0,load27404,-2.9276140775810204
2023-10-29T00:00:00.0,load25663,-1.5704985139210141
2023-10-29T00:00:00.0,load25611,-0.0938884981148432
2023-10-29T00:00:00.0,load3016,-3.1495323458524673
2023-10-29T00:00:00.0,load25971,-2.082617594547431
2023-10-29T00:00:00.0,load27402,-1.9119112343386253
2023-10-29T00:00:00.0,load25664,-1.4253981077435285
2023-10-29T00:00:00.0,load26926,-1.1437326133989993
2023-10-29T00:00:00.0,load26572,-1.203479839472081
2023-10-29T00:00:00.0,load26571,-1.049844115284156
2023-10-29T00:00:00.0,load27421,-0.38408931046981315
2023-10-29T00:00:00.0,load5021,-2.7142311273200126
2023-10-29T00:00:00.0,load27104,-2.0570116405161105
2023-10-29T00:00:00.0,load26573,-0.734037348897865
2023-10-29T00:00:00.0,load2015,-2.5093834950694456
2023-10-29T00:00:00.0,load2013,-2.4240303149650426
2023-10-29T00:00:00.0,load5014,-0.5291897166472981
2023-10-29T00:00:00.0,load27861,-2.1850414106727145
2023-10-29T00:00:00.0,load27061,-1.5022159698374913
2023-10-29T00:00:00.0,load23243,-0.5121190806264174
2023-10-29T00:00:00.0,load24192,-0.6657548048143429
2023-10-29T00:00:00.0,load24683,-1.9716584604117076
2023-10-29T00:00:00.0,load27862,-3.2007442539151096
2023-10-29T00:00:00.0,load25451,-2.1082235485787524
2023-10-29T00:00:00.0,load25661,-2.0570116405161105
2023-11-05T00:00:00.0,load27423,-3.021072688421959
2023-11-05T00:00:00.0,load25972,-0.23239020680168926
2023-11-05T00:00:00.0,load27062,-2.8661458838875
2023-11-05T00:00:00.0,load24191,-1.0758805870448576
2023-11-05T00:00:00.0,load27063,-1.7300159839681306
2023-11-05T00:00:00.0,load25662,-2.2464386657496624
2023-11-05T00:00:00.0,load3014,-2.2894738892314566
2023-11-05T00:00:00.0,load24681,-1.2566285256683936
2023-11-05T00:00:00.0,load25452,-1.3771271514174177
2023-11-05T00:00:00.0,load24682,-2.831717705102066
2023-11-05T00:00:00.0,load25973,-3.115750180081907
2023-11-05T00:00:00.0,load25453,-1.4890187324700828
2023-11-05T00:00:00.0,load23231,-6.154036957896585
2023-11-05T00:00:00.0,load26795,-0.8779185590286039
2023-11-05T00:00:00.0,load26124,-4.639197091337425
2023-11-05T00:00:00.0,load23242,-4.785516851175526
2023-11-05T00:00:00.0,load27404,-2.9522163308510896
2023-11-05T00:00:00.0,load25663,-1.5836962241300305
2023-11-05T00:00:00.0,load25611,-0.09467749165994746
2023-11-05T00:00:00.0,load3016,-3.1759994929564197
2023-11-05T00:00:00.0,load25971,-2.100118905911562
2023-11-05T00:00:00.0,load27402,-1.9279780119843846
2023-11-05T00:00:00.0,load25664,-1.4373764642919296
2023-11-05T00:00:00.0,load26926,-1.1533439893120876
2023-11-05T00:00:00.0,load26572,-1.213593302186599
2023-11-05T00:00:00.0,load26571,-1.0586664976521398
2023-11-05T00:00:00.0,load27421,-0.3873170113361487
2023-11-05T00:00:00.0,load5021,-2.7370402134421177
2023-11-05T00:00:00.0,load27104,-2.0742977718224855
2023-11-05T00:00:00.0,load26573,-0.740205843886862
2023-11-05T00:00:00.0,load2015,-2.5304711407295044
2023-11-05T00:00:00.0,load2013,-2.4444006937659157
2023-11-05T00:00:00.0,load5014,-0.5336367711742493
2023-11-05T00:00:00.0,load27861,-2.2034034422678683
2023-11-05T00:00:00.0,load27061,-1.5148398665591594
2023-11-05T00:00:00.0,load23243,-0.5164226817815315
2023-11-05T00:00:00.0,load24192,-0.6713494863159912
2023-11-05T00:00:00.0,load24683,-1.988227324858897
2023-11-05T00:00:00.0,load27862,-3.2276417611345725
2023-11-05T00:00:00.0,load25451,-2.1259400400006383
2023-11-05T00:00:00.0,load25661,-2.0742977718224855
2023-11-12T00:00:00.0,load27423,-3.048860345863998
2023-11-12T00:00:00.0,load25972,-0.23452771891261534
2023-11-12T00:00:00.0,load27062,-2.892508533255588
2023-11-12T00:00:00.0,load24191,-1.085776476447293
2023-11-12T00:00:00.0,load27063,-1.7459285741272466
2023-11-12T00:00:00.0,load25662,-2.2671012828219474
2023-11-12T00:00:00.0,load3014,-2.310532341879839
2023-11-12T00:00:00.0,load24681,-1.2681869244904382
2023-11-12T00:00:00.0,load25452,-1.389793889852535
2023-11-12T00:00:00.0,load24682,-2.8577636860092754
2023-11-12T00:00:00.0,load25973,-3.1444086757913596
2023-11-12T00:00:00.0,load25453,-1.5027146434030534
2023-11-12T00:00:00.0,load23231,-6.210641445278515
2023-11-12T00:00:00.0,load26795,-0.8859936047809911
2023-11-12T00:00:00.0,load26124,-4.681868166440726
2023-11-12T00:00:00.0,load23242,-4.8295337672375585
2023-11-12T00:00:00.0,load27404,-2.9793706513713722
2023-11-12T00:00:00.0,load25663,-1.5982629733304154
2023-11-12T00:00:00.0,load25611,-0.09554832992736177
2023-11-12T00:00:00.0,load3016,-3.205212158472409
2023-11-12T00:00:00.0,load25971,-2.119435682025116
2023-11-12T00:00:00.0,load27402,-1.945711445793549
2023-11-12T00:00:00.0,load25664,-1.450597372533583
2023-11-12T00:00:00.0,load26926,-1.1639523827514981
2023-11-12T00:00:00.0,load26572,-1.224755865432546
2023-11-12T00:00:00.0,load26571,-1.0684040528241363
2023-11-12T00:00:00.0,load27421,-0.39087953152102545
2023-11-12T00:00:00.0,load5021,-2.7622153560819136
2023-11-12T00:00:00.0,load27104,-2.0933770465903807
2023-11-12T00:00:00.0,load26573,-0.7470142157957376
2023-11-12T00:00:00.0,load2015,-2.5537462726040325
2023-11-12T00:00:00.0,load2013,-2.466884154488249
2023-11-12T00:00:00.0,load5014,-0.5385451323178573
2023-11-12T00:00:00.0,load27861,-2.223670223764056
2023-11-12T00:00:00.0,load27061,-1.5287732788377884
2023-11-12T00:00:00.0,load23243,-0.5211727086947006
2023-11-12T00:00:00.0,load24192,-0.6775245213031108
2023-11-12T00:00:00.0,load24683,-2.0065149284745973
2023-11-12T00:00:00.0,load27862,-3.2573294293418793
2023-11-12T00:00:00.0,load25451,-2.1454943174598506
2023-11-12T00:00:00.0,load25661,-2.0933770465903807
2023-11-19T00:00:00.0,load27423,-3.0326250510887087
2023-11-19T00:00:00.0,load25972,-0.23327885008374688
2023-11-19T00:00:00.0,load27062,-2.8771058176995443
2023-11-19T00:00:00.0,load24191,-1.079994676313643
2023-11-19T00:00:00.0,load27063,-1.7366314395123377
2023-11-19T00:00:00.0,load25662,-2.2550288841428867
2023-11-19T00:00:00.0,load3014,-2.298228671195432
2023-11-19T00:00:00.0,load24681,-1.261433781934335
2023-11-19T00:00:00.0,load25452,-1.382393185681463
2023-11-19T00:00:00.0,load24682,-2.842545988057509
2023-11-19T00:00:00.0,load25973,-3.127664582604311
2023-11-19T00:00:00.0,load25453,-1.4947126320180817
2023-11-19T00:00:00.0,load23231,-6.177569548514037
2023-11-19T00:00:00.0,load26795,-0.8812756558719328
2023-11-19T00:00:00.0,load26124,-4.656937044264428
2023-11-19T00:00:00.0,load23242,-4.803816320243083
2023-11-19T00:00:00.0,load27404,-2.963505391804637
2023-11-19T00:00:00.0,load25663,-1.5897521635336829
2023-11-19T00:00:00.0,load25611,-0.09503953151560059
2023-11-19T00:00:00.0,load3016,-3.1881442844778745
2023-11-19T00:00:00.0,load25971,-2.1081496081642315
2023-11-19T00:00:00.0,load27402,-1.9353504599540483
2023-11-19T00:00:00.0,load25664,-1.4428728875550267
2023-11-19T00:00:00.0,load26926,-1.1577542930082259
2023-11-19T00:00:00.0,load26572,-1.218233994881789
2023-11-19T00:00:00.0,load26571,-1.062714761492625
2023-11-19T00:00:00.0,load27421,-0.3887980834729115
2023-11-19T00:00:00.0,load5021,-2.7475064565419083
2023-11-19T00:00:00.0,load27104,-2.082229735932704
2023-11-19T00:00:00.0,load26573,-0.7430363373037863
2023-11-19T00:00:00.0,load2015,-2.540147478689688
2023-11-19T00:00:00.0,load2013,-2.4537479045845965
2023-11-19T00:00:00.0,load5014,-0.535677359451567
2023-11-19T00:00:00.0,load27861,-2.211829097090341
2023-11-19T00:00:00.0,load27061,-1.5206325042496094
2023-11-19T00:00:00.0,load23243,-0.5183974446305486
2023-11-19T00:00:00.0,load24192,-0.6739166780197134
2023-11-19T00:00:00.0,load24683,-1.9958301618276129
2023-11-19T00:00:00.0,load27862,-3.2399840289409285
2023-11-19T00:00:00.0,load25451,-2.1340694803957585
2023-11-19T00:00:00.0,load25661,-2.082229735932704
2023-11-26T00:00:00.0,load27423,-3.0001440561336157
2023-11-26T00:00:00.0,load25972,-0.2307803120102782
2023-11-26T00:00:00.0,load27062,-2.8462905147934308
2023-11-26T00:00:00.0,load24191,-1.0684273704179545
2023-11-26T00:00:00.0,load27063,-1.7180312116320706
2023-11-26T00:00:00.0,load25662,-2.230876349432689
2023-11-26T00:00:00.0,load3014,-2.273613444249407
2023-11-26T00:00:00.0,load24681,-1.2479231686481709
2023-11-26T00:00:00.0,load25452,-1.3675870341349818
2023-11-26T00:00:00.0,load24682,-2.8121008389400566
2023-11-26T00:00:00.0,load25973,-3.0941656647303963
2023-11-26T00:00:00.0,load25453,-1.478703480658449
2023-11-26T00:00:00.0,load23231,-6.111404558790699
2023-11-26T00:00:00.0,load26795,-0.871836734261051
2023-11-26T00:00:00.0,load26124,-4.6070588212422185
2023-11-26T00:00:00.0,load23242,-4.752364943619061
2023-11-26T00:00:00.0,load27404,-2.931764704426867
2023-11-26T00:00:00.0,load25663,-1.5727250892552291
2023-11-26T00:00:00.0,load25611,-0.09402160859678
2023-11-26T00:00:00.0,load3016,-3.153997597473802
2023-11-26T00:00:00.0,load25971,-2.0855702270558476
2023-11-26T00:00:00.0,load27402,-1.9146218477889745
2023-11-26T00:00:00.0,load25664,-1.427418966878387
2023-11-26T00:00:00.0,load26926,-1.1453541410880472
2023-11-26T00:00:00.0,load26572,-1.2051860738314526
2023-11-26T00:00:00.0,load26571,-1.0513325324912672
2023-11-26T00:00:00.0,load27421,-0.3846338533504637
2023-11-26T00:00:00.0,load5021,-2.718079230343276
2023-11-26T00:00:00.0,load27104,-2.059927970165816
2023-11-26T00:00:00.0,load26573,-0.7350780308475526
2023-11-26T00:00:00.0,load2015,-2.5129411752230286
2023-11-26T00:00:00.0,load2013,-2.4274669855895925
2023-11-26T00:00:00.0,load5014,-0.5299399757273054
2023-11-26T00:00:00.0,load27861,-2.1881392546159706
2023-11-26T00:00:00.0,load27061,-1.50434573754848
2023-11-26T00:00:00.0,load23243,-0.512845137800618
2023-11-26T00:00:00.0,load24192,-0.6666986791408037
2023-11-26T00:00:00.0,load24683,-1.97445378053238
2023-11-26T00:00:00.0,load27862,-3.2052821112538634
2023-11-26T00:00:00.0,load25451,-2.111212483945878
2023-11-26T00:00:00.0,load25661,-2.059927970165816
2023-12-03T00:00:00.0,load27423,-3.011579838770036
2023-12-03T00:00:00.0,load25972,-0.23165998759769516
2023-12-03T00:00:00.0,load27062,-2.857139847038239
2023-12-03T00:00:00.0,load24191,-1.072499942581922
2023-12-03T00:00:00.0,load27063,-1.7245799076717299
2023-12-03T00:00:00.0,load25662,-2.2393798801110525
2023-12-03T00:00:00.0,load3014,-2.2822798778143296
2023-12-03T00:00:00.0,load24681,-1.2526799329356848
2023-12-03T00:00:00.0,load25452,-1.37279992650486
2023-12-03T00:00:00.0,load24682,-2.8228198488756187
2023-12-03T00:00:00.0,load25973,-3.1059598337172454
2023-12-03T00:00:00.0,load25453,-1.4843399205333796
2023-12-03T00:00:00.0,load23231,-6.134699671568592
2023-12-03T00:00:00.0,load26795,-0.8751599531468482
2023-12-03T00:00:00.0,load26124,-4.624619752413246
2023-12-03T00:00:00.0,load23242,-4.770479744604388
2023-12-03T00:00:00.0,load27404,-2.942939842444794
2023-12-03T00:00:00.0,load25663,-1.578719915480589
2023-12-03T00:00:00.0,load25611,-0.09437999494720913
2023-12-03T00:00:00.0,load3016,-3.166019830501833
2023-12-03T00:00:00.0,load25971,-2.093519887919911
2023-12-03T00:00:00.0,load27402,-1.921919897106804
2023-12-03T00:00:00.0,load25664,-1.4328599232894474
2023-12-03T00:00:00.0,load26926,-1.1497199384478205
2023-12-03T00:00:00.0,load26572,-1.2097799352324075
2023-12-03T00:00:00.0,load26571,-1.055339943500611
2023-12-03T00:00:00.0,load27421,-0.38609997932949186
2023-12-03T00:00:00.0,load5021,-2.7284398539284096
2023-12-03T00:00:00.0,load27104,-2.0677798892979453
2023-12-03T00:00:00.0,load26573,-0.7378799604963621
2023-12-03T00:00:00.0,load2015,-2.5225198649526797
2023-12-03T00:00:00.0,load2013,-2.436719869546126
2023-12-03T00:00:00.0,load5014,-0.5319599715206333
2023-12-03T00:00:00.0,load27861,-2.1964798824077763
2023-12-03T00:00:00.0,load27061,-1.510079919155346
2023-12-03T00:00:00.0,load23243,-0.5147999724393224
2023-12-03T00:00:00.0,load24192,-0.6692399641711194
2023-12-03T00:00:00.0,load24683,-1.981979893891392
2023-12-03T00:00:00.0,load27862,-3.217499827745765
2023-12-03T00:00:00.0,load25451,-2.1192598865418777
2023-12-03T00:00:00.0,load25661,-2.0677798892979453
2023-12-10T00:00:00.0,load27423,-3.042479247687511
2023-12-10T00:00:00.0,load25972,-0.23403686520673167
2023-12-10T00:00:00.0,load27062,-2.886454670883023
2023-12-10T00:00:00.0,load24191,-1.0835040055867207
2023-12-10T00:00:00.0,load27063,-1.7422744409834463
2023-12-10T00:00:00.0,load25662,-2.2623563636650723
2023-12-10T00:00:00.0,load3014,-2.305696523888541
2023-12-10T00:00:00.0,load24681,-1.2655326785252896
2023-12-10T00:00:00.0,load25452,-1.3868851271510023
2023-12-10T00:00:00.0,load24682,-2.8517825427042487
2023-12-10T00:00:00.0,load25973,-3.1378276001791425
2023-12-10T00:00:00.0,load25453,-1.4995695437320211
2023-12-10T00:00:00.0,load23231,-6.197642911956041
2023-12-10T00:00:00.0,load26795,-0.884139268558764
2023-12-10T00:00:00.0,load26124,-4.672069272089938
2023-12-10T00:00:00.0,load23242,-4.8194258168497335
2023-12-10T00:00:00.0,load27404,-2.973134991329961
2023-12-10T00:00:00.0,load25663,-1.5949178962236532
2023-12-10T00:00:00.0,load25611,-0.0953483524916314
2023-12-10T00:00:00.0,load3016,-3.1985038244919988
2023-12-10T00:00:00.0,load25971,-2.1149998189052788
2023-12-10T00:00:00.0,load27402,-1.941639178011403
2023-12-10T00:00:00.0,load25664,-1.4475613514638583
2023-12-10T00:00:00.0,load26926,-1.1615162939889645
2023-12-10T00:00:00.0,load26572,-1.2221925183018207
2023-12-10T00:00:00.0,load26571,-1.066167941497333
2023-12-10T00:00:00.0,load27421,-0.39006144201121934
2023-12-10T00:00:00.0,load5021,-2.7564341902126173
2023-12-10T00:00:00.0,load27104,-2.0889957227711973
2023-12-10T00:00:00.0,load26573,-0.7454507558436637
2023-12-10T00:00:00.0,load2015,-2.5484014211399666
2023-12-10T00:00:00.0,load2013,-2.4617211006930284
2023-12-10T00:00:00.0,load5014,-0.5374179867710134
2023-12-10T00:00:00.0,load27861,-2.2190162034416034
2023-12-10T00:00:00.0,load27061,-1.5255736398661024
2023-12-10T00:00:00.0,load23243,-0.5200819226816258
2023-12-10T00:00:00.0,load24192,-0.6761064994861137
2023-12-10T00:00:00.0,load24683,-2.0023154023242595
2023-12-10T00:00:00.0,load27862,-3.2505120167601618
2023-12-10T00:00:00.0,load25451,-2.14100391503936
2023-12-10T00:00:00.0,load25661,-2.0889957227711973
2023-12-17T00:00:00.0,load27423,-3.0398679367929384
2023-12-17T00:00:00.0,load25972,-0.23383599513791842
2023-12-17T00:00:00.0,load27062,-2.88397727336766
2023-12-17T00:00:00.0,load24191,-1.0825740515644369
2023-12-17T00:00:00.0,load27063,-1.7407790749156142
2023-12-17T00:00:00.0,load25662,-2.260414619666544
2023-12-17T00:00:00.0,load3014,-2.3037175817291216
2023-12-17T00:00:00.0,load24681,-1.2644464922272625
2023-12-17T00:00:00.0,load25452,-1.3856947860024793
2023-12-17T00:00:00.0,load24682,-2.8493349037175983
2023-12-17T00:00:00.0,load25973,-3.135134453330609
2023-12-17T00:00:00.0,load25453,-1.4982824873651808
2023-12-17T00:00:00.0,load23231,-6.192323574948579
2023-12-17T00:00:00.0,load26795,-0.8833804260765807
2023-12-17T00:00:00.0,load26124,-4.668059310345852
2023-12-17T00:00:00.0,load23242,-4.815289381358615
2023-12-17T00:00:00.0,load27404,-2.970583197492815
2023-12-17T00:00:00.0,load25663,-1.5935490039028513
2023-12-17T00:00:00.0,load25611,-0.09526651653767046
2023-12-17T00:00:00.0,load3016,-3.195758600218218
2023-12-17T00:00:00.0,load25971,-2.113184548653781
2023-12-17T00:00:00.0,load27402,-1.9399727004034708
2023-12-17T00:00:00.0,load25664,-1.4463189328900876
2023-12-17T00:00:00.0,load26926,-1.1605193832770766
2023-12-17T00:00:00.0,load26572,-1.2211435301646847
2023-12-17T00:00:00.0,load26571,-1.065252866739406
2023-12-17T00:00:00.0,load27421,-0.38972665856319727
2023-12-17T00:00:00.0,load5021,-2.7540683871799274
2023-12-17T00:00:00.0,load27104,-2.0872027714162344
2023-12-17T00:00:00.0,load26573,-0.7448109474763326
2023-12-17T00:00:00.0,load2015,-2.5462141692795552
2023-12-17T00:00:00.0,load2013,-2.4596082451544
2023-12-17T00:00:00.0,load5014,-0.5369567295759607
2023-12-17T00:00:00.0,load27861,-2.217111657603967
2023-12-17T00:00:00.0,load27061,-1.5242642646027273
2023-12-17T00:00:00.0,load23243,-0.5196355447509297
2023-12-17T00:00:00.0,load24192,-0.6755262081762087
2023-12-17T00:00:00.0,load24683,-2.00059684729108
2023-12-17T00:00:00.0,load27862,-3.247722154693311
2023-12-17T00:00:00.0,load25451,-2.1391663258913276
2023-12-17T00:00:00.0,load25661,-2.0872027714162344
2023-12-24T00:00:00.0,load27423,-3.011941708582478
2023-12-24T00:00:00.0,load25972,-0.23168782373711372
2023-12-24T00:00:00.0,load27062,-2.857483159424402
2023-12-24T00:00:00.0,load24191,-1.0726288135977486
2023-12-24T00:00:00.0,load27063,-1.7247871322651795
2023-12-24T00:00:00.0,load25662,-2.2396489627920984
2023-12-24T00:00:00.0,load3014,-2.282554115336009
2023-12-24T00:00:00.0,load24681,-1.2528304542821704
2023-12-24T00:00:00.0,load25452,-1.3729648814051183
2023-12-24T00:00:00.0,load24682,-2.8231590373892756
2023-12-24T00:00:00.0,load25973,-3.1063330441790797
2023-12-24T00:00:00.0,load25453,-1.484518278019284
2023-12-24T00:00:00.0,load23231,-6.135436813779122
2023-12-24T00:00:00.0,load26795,-0.8752651118957631
2023-12-24T00:00:00.0,load26124,-4.625175444233491
2023-12-24T00:00:00.0,load23242,-4.771052962882785
2023-12-24T00:00:00.0,load27404,-2.943293464512222
2023-12-24T00:00:00.0,load25663,-1.578909613615886
2023-12-24T00:00:00.0,load25611,-0.09439133559660189
2023-12-24T00:00:00.0,load3016,-3.1664002577405537
2023-12-24T00:00:00.0,load25971,-2.093771444142805
2023-12-24T00:00:00.0,load27402,-1.9221508339671654
2023-12-24T00:00:00.0,load25664,-1.433032094966592
2023-12-24T00:00:00.0,load26926,-1.1498580881767866
2023-12-24T00:00:00.0,load26572,-1.20992530173826
2023-12-24T00:00:00.0,load26571,-1.0554667525801844
2023-12-24T00:00:00.0,load27421,-0.3861463728951895
2023-12-24T00:00:00.0,load5021,-2.7287677017926724
2023-12-24T00:00:00.0,load27104,-2.068028352616459
2023-12-24T00:00:00.0,load26573,-0.737968623755251
2023-12-24T00:00:00.0,load2015,-2.522822969581904
2023-12-24T00:00:00.0,load2013,-2.4370126644940844
2023-12-24T00:00:00.0,load5014,-0.5320238915444834
2023-12-24T00:00:00.0,load27861,-2.196743810248189
2023-12-24T00:00:00.0,load27061,-1.5102613695456302
2023-12-24T00:00:00.0,load23243,-0.5148618305269193
2023-12-24T00:00:00.0,load24192,-0.6693203796849951
2023-12-24T00:00:00.0,load24683,-1.9822180475286395
2023-12-24T00:00:00.0,load27862,-3.217886440793246
2023-12-24T00:00:00.0,load25451,-2.1195145356691514
2023-12-24T00:00:00.0,load25661,-2.068028352616459
